feature,importance
numeric__ninety_five_percentile,0.04542697708412801
numeric__ninety_eight_percentile,0.04243032712471049
numeric__arithmetic_standard_dev,0.04079215046633022
numeric__ninety_percentile,0.03735275717899551
numeric__ninety_nine_percentile,0.033796332118567314
numeric__p99_p10_range,0.03261276392631352
numeric__pm25_rolling_2yr_mean,0.032220662039635764
numeric__year,0.031840286287151603
numeric__first_max_value,0.02959694447677836
numeric__p95_minus_median,0.02924585454698522
numeric__seventy_five_percentile,0.02902911802961166
numeric__pm25_mean,0.028916570586669785
numeric__fifty_percentile,0.028813065406971386
numeric__pm25_lag1,0.025404584008182268
numeric__latitude,0.025014274569082263
numeric__longitude,0.025011558478629486
numeric__max_to_mean_ratio,0.024726554037982355
numeric__observation_count,0.023071976814140055
numeric__valid_day_count,0.022180753454443328
numeric__pm25_rolling_3yr_mean,0.022065026829596556
numeric__ten_percentile,0.02139706740569562
numeric__pm25_pct_change_1yr,0.021313798012402803
numeric__pm25_change_1yr,0.02118552987336907
numeric__pm25_lag2,0.02046961291413134
numeric__pm25_rolling_3yr_std,0.01732883969085883
numeric__observation_percent,0.017096495080048124
numeric__observations_per_valid_day,0.008829800485784247
categorical__state_name_California,0.005028175335833079
numeric__has_three_year_history,0.003072974426032088
categorical__city_name_New York,0.0028934717781684527
categorical__state_name_Utah,0.0027655872674377706
categorical__state_name_Pennsylvania,0.0025141439355182067
categorical__cbsa_name_New York-Newark-Jersey City NY-NJ-PA,0.0024602460847440526
numeric__has_previous_year,0.002051578956239573
categorical__state_name_Indiana,0.0015811101095103044
categorical__state_name_Ohio,0.0014707098259110483
categorical__state_name_Texas,0.0012304444883525487
categorical__state_name_Wisconsin,0.001218563279338623
categorical__state_name_New York,0.0012061582738698803
categorical__state_name_Iowa,0.0011967558430996826
categorical__state_name_Florida,0.0011956141366373887
categorical__state_name_North Carolina,0.0011649443743468567
categorical__cbsa_name_Los Angeles-Long Beach-Anaheim CA,0.0011563501728511533
categorical__state_name_Michigan,0.0011385713503915707
categorical__cbsa_name_Chicago-Naperville-Elgin IL-IN-WI,0.0011144853004496213
categorical__state_name_New Jersey,0.001091987559294853
categorical__state_name_Minnesota,0.0010903157013426284
categorical__cbsa_name_Philadelphia-Camden-Wilmington PA-NJ-DE-MD,0.0010769019473004552
categorical__state_name_Illinois,0.0010228755239302858
categorical__state_name_Arkansas,0.0009985259224983127
categorical__state_name_Alabama,0.0009844325421303178
categorical__cbsa_name_Salt Lake City UT,0.0009802342316050149
categorical__cbsa_name_Minneapolis-St. Paul-Bloomington MN-WI,0.0009611114519381567
categorical__state_name_Maryland,0.0009383603925296393
categorical__state_name_Georgia,0.0009355398949136625
categorical__state_name_Oregon,0.000934841739413207
categorical__county_name_Los Angeles,0.0009328585027284012
categorical__county_name_Salt Lake,0.000909608970210429
categorical__state_name_Idaho,0.0009002619322039762
categorical__state_name_Tennessee,0.0008994498411143291
categorical__cbsa_name_San Francisco-Oakland-Hayward CA,0.0008880832427615833
categorical__state_name_Louisiana,0.0008834195204432237
categorical__state_name_Kentucky,0.0008554154425550845
categorical__state_name_South Carolina,0.0008549731712425454
categorical__state_name_Montana,0.0008528144868340768
categorical__county_name_Jefferson,0.0008495172765051932
categorical__state_name_Missouri,0.0008398528085276819
categorical__county_name_Lake,0.0007665047658760068
categorical__cbsa_name_Pittsburgh PA,0.0007508527390675266
categorical__cbsa_name_Fresno CA,0.0007454006857104956
categorical__state_name_Washington,0.0007419843749656748
categorical__cbsa_name_Ogden-Clearfield UT,0.0007300594298381538
categorical__state_name_Massachusetts,0.0007287470156031667
categorical__state_name_Virginia,0.0007227548897001449
categorical__county_name_Cook,0.0007104449219849938
categorical__county_name_Utah,0.0007071401797749345
categorical__cbsa_name_St. Louis MO-IL,0.0007052976621098006
categorical__county_name_Washington,0.0006977991327408835
categorical__state_name_Connecticut,0.0006765789049978654
categorical__city_name_Not in a city,0.0006656179719452904
categorical__state_name_Colorado,0.0006525754897499076
categorical__cbsa_name_Washington-Arlington-Alexandria DC-VA-MD-WV,0.0006485745052853043
categorical__cbsa_name_Provo-Orem UT,0.0006451079602716507
categorical__cbsa_name_Phoenix-Mesa-Scottsdale AZ,0.0006369379909006071
categorical__cbsa_name_Omaha-Council Bluffs NE-IA,0.0006326796848998362
categorical__state_name_Mississippi,0.0006282575482460504
categorical__state_name_Arizona,0.0006219014374484658
categorical__cbsa_name_Milwaukee-Waukesha-West Allis WI,0.0005999073203494206
categorical__state_name_Oklahoma,0.0005822061891634183
categorical__cbsa_name_Riverside-San Bernardino-Ontario CA,0.0005767051315848342
categorical__city_name_Phoenix,0.0005553647315424042
categorical__cbsa_name_Indianapolis-Carmel-Anderson IN,0.0005538945514067142
categorical__cbsa_name_Cincinnati OH-KY-IN,0.0005529394561667449
categorical__county_name_Weber,0.0005525323730607378
categorical__state_name_West Virginia,0.0005510703865662083
categorical__city_name_Bakersfield,0.0005489175335503389
categorical__cbsa_name_Detroit-Warren-Dearborn MI,0.0005463323272125131
categorical__county_name_Marion,0.000522958961365769
categorical__county_name_Maricopa,0.0005208745010257139
categorical__cbsa_name_Boise City ID,0.0005203199170949167
categorical__state_name_Kansas,0.0005052150449628385
categorical__cbsa_name_Atlanta-Sandy Springs-Roswell GA,0.00050390991019882
categorical__county_name_Montgomery,0.0005002989190534698
categorical__cbsa_name_Boston-Cambridge-Newton MA-NH,0.0005001017596721693
categorical__county_name_Orange,0.0004927409615230345
categorical__county_name_Wayne,0.0004922914275182291
categorical__state_name_Wyoming,0.0004882928419789811
categorical__cbsa_name_Sacramento--Roseville--Arden-Arcade CA,0.0004840205066982885
categorical__county_name_Clark,0.0004822909686132869
categorical__cbsa_name_Logan UT-ID,0.0004775139068236886
categorical__county_name_Hamilton,0.0004755468319777868
categorical__state_name_South Dakota,0.00046884654114045675
categorical__county_name_Jackson,0.00046671903082593397
categorical__city_name_Milwaukee,0.00046657319792198156
categorical__county_name_Cuyahoga,0.00046373651023983944
categorical__county_name_Scott,0.0004580636899716179
categorical__county_name_Madison,0.0004526644544087631
categorical__state_name_Puerto Rico,0.00044397341017331606
categorical__county_name_Fresno,0.00043939880615966287
categorical__county_name_Union,0.00043870529179523566
categorical__county_name_Sacramento,0.00043772601211656436
categorical__cbsa_name_Kansas City MO-KS,0.00043769234782220495
categorical__cbsa_name_Providence-Warwick RI-MA,0.00043491967957185926
categorical__cbsa_name_San Diego-Carlsbad CA,0.0004327131318650918
categorical__cbsa_name_Seattle-Tacoma-Bellevue WA,0.0004326520409674414
categorical__county_name_Kern,0.00042751259148488636
categorical__county_name_Hennepin,0.00042217749085197087
categorical__cbsa_name_Baltimore-Columbia-Towson MD,0.00041660456198062165
categorical__state_name_New Hampshire,0.00041382860089213947
categorical__cbsa_name_Davenport-Moline-Rock Island IA-IL,0.00040772695617681445
categorical__cbsa_name_Cleveland-Elyria OH,0.00040684979596192764
categorical__county_name_San Diego,0.00040560938399395005
categorical__city_name_Indianapolis (Remainder),0.0003979628434003312
categorical__state_name_Alaska,0.00039698361864043993
categorical__cbsa_name_Birmingham-Hoover AL,0.0003951613950715348
categorical__cbsa_name_Denver-Aurora-Lakewood CO,0.0003924560706973749
categorical__county_name_Allegheny,0.00038165761610847303
categorical__cbsa_name_Bakersfield CA,0.00038150333762328707
categorical__county_name_Imperial,0.0003748125550204167
categorical__county_name_Essex,0.0003734063482823997
categorical__county_name_Stanislaus,0.00037270283175348806
categorical__state_name_Delaware,0.00037247775476877105
categorical__state_name_Nevada,0.00036915983242888627
categorical__cbsa_name_Dallas-Fort Worth-Arlington TX,0.0003613609877782431
categorical__cbsa_name_Portland-Vancouver-Hillsboro OR-WA,0.00035949954791803093
categorical__cbsa_name_Gulfport-Biloxi-Pascagoula MS,0.0003594412692890308
categorical__state_name_Rhode Island,0.00035812385909696524
categorical__cbsa_name_Bishop CA,0.00035646163818372866
categorical__state_name_Nebraska,0.00035318104537956766
categorical__state_name_North Dakota,0.0003515070103866831
categorical__county_name_El Paso,0.00034883523451605136
categorical__cbsa_name_New Orleans-Metairie LA,0.0003475956260851714
categorical__cbsa_name_Nashville-Davidson--Murfreesboro--Franklin TN,0.0003465584559858629
categorical__city_name_Cleveland,0.00034441335803071696
categorical__city_name_Fresno,0.0003421551419840549
categorical__state_name_New Mexico,0.00033971633016735515
categorical__county_name_Missoula,0.0003361933128600538
categorical__county_name_Adams,0.0003331503709301936
categorical__city_name_El Paso,0.0003320669575831677
categorical__cbsa_name_Louisville/Jefferson County KY-IN,0.0003274395743207425
categorical__cbsa_name_Virginia Beach-Norfolk-Newport News VA-NC,0.0003250213059033011
categorical__county_name_Philadelphia,0.00032450330214785634
categorical__county_name_Kent,0.0003244420765564181
categorical__county_name_San Bernardino,0.00032355584225583376
categorical__county_name_Fairfield,0.000322199305325185
categorical__county_name_Milwaukee,0.0003215698029737722
categorical__city_name_Philadelphia,0.0003205747970204183
categorical__cbsa_name_El Paso TX,0.00031824766702851274
categorical__city_name_Salt Lake City,0.00031805681349360846
categorical__county_name_Baltimore (City),0.00031655121348280656
categorical__county_name_Inyo,0.0003158185998391569
categorical__county_name_New Haven,0.00031557446773658655
categorical__county_name_Alameda,0.00031186763573817647
categorical__cbsa_name_El Centro CA,0.0003067591695037667
categorical__cbsa_name_Fairbanks AK,0.0003054684254394424
categorical__city_name_Omaha,0.0003034754564051461
categorical__cbsa_name_Weirton-Steubenville WV-OH,0.00030308489404621235
categorical__city_name_St. Paul,0.0003027143432631277
categorical__county_name_Plumas,0.0003026290850783133
categorical__county_name_Franklin,0.0003012556047559868
categorical__city_name_Keeler,0.0003003509191122972
categorical__county_name_Richmond,0.0002993782385103418
categorical__cbsa_name_Evansville IN-KY,0.00029867155821486086
categorical__cbsa_name_New Haven-Milford CT,0.00029691752375594324
categorical__county_name_Polk,0.00029676145465579683
categorical__city_name_Springfield,0.0002948113527751115
categorical__cbsa_name_Columbia SC,0.00029446148544056376
categorical__cbsa_name_Knoxville TN,0.0002942760926952962
categorical__cbsa_name_Harrisburg-Carlisle PA,0.00029394094065116066
categorical__county_name_Ramsey,0.00029268786131398007
categorical__cbsa_name_Memphis TN-MS-AR,0.0002889463688319202
categorical__city_name_Baltimore,0.00028872081291259554
categorical__city_name_Muscatine,0.00028830008988005567
categorical__county_name_Monroe,0.00028793259135100925
categorical__county_name_Providence,0.0002813276906695167
categorical__city_name_Detroit,0.00028109189819579077
categorical__city_name_Davenport,0.00028060262815414466
categorical__cbsa_name_Augusta-Richmond County GA-SC,0.0002787352288829468
categorical__county_name_Bannock,0.00027641241163564833
categorical__city_name_South Bend,0.00027539845963101163
categorical__cbsa_name_Pocatello ID,0.000273745004808286
categorical__county_name_Lewis and Clark,0.0002734934161224549
categorical__city_name_Long Beach,0.00027217719631200525
categorical__city_name_Missoula,0.00027053603582859285
categorical__county_name_Suffolk,0.0002699214074726503
categorical__state_name_District Of Columbia,0.0002699075232188628
categorical__cbsa_name_Charlotte-Concord-Gastonia NC-SC,0.0002680432604600282
categorical__city_name_Sacramento,0.0002677610736339471
categorical__cbsa_name_Hagerstown-Martinsburg MD-WV,0.0002666962675116808
categorical__city_name_Chicago,0.0002659362570626292
categorical__cbsa_name_Missoula MT,0.00026437597595049665
categorical__cbsa_name_Allentown-Bethlehem-Easton PA-NJ,0.00026384572387797613
categorical__cbsa_name_Eugene OR,0.00026337335953669476
categorical__city_name_Washington,0.00026297261010454554
categorical__county_name_Muscatine,0.00026234489107202494
categorical__county_name_Douglas,0.00026207508655053997
categorical__city_name_Topeka,0.00026173679947320513
categorical__county_name_Anne Arundel,0.0002615577360459253
categorical__county_name_Fulton,0.0002602058617318047
categorical__city_name_Gary,0.0002582788738739016
categorical__county_name_Chatham,0.0002579279489710016
categorical__county_name_Ada,0.0002568146802425588
categorical__county_name_Harrison,0.0002560573764391012
categorical__city_name_Lancaster,0.0002560035451909993
categorical__city_name_Fairbanks,0.0002557309213959186
categorical__city_name_Portland,0.00025550234799498565
categorical__county_name_Vanderburgh,0.0002548923386457899
categorical__city_name_Columbus,0.00025407035642040416
categorical__cbsa_name_Las Vegas-Henderson-Paradise NV,0.00025372990511340974
categorical__county_name_Hampden,0.00025253591920150915
categorical__cbsa_name_Buffalo-Cheektowaga-Niagara Falls NY,0.0002521657710883244
categorical__county_name_Shawnee,0.0002494793134562827
categorical__county_name_Saint Louis,0.0002465565865933331
categorical__cbsa_name_Bridgeport-Stamford-Norwalk CT,0.00024625856270920157
categorical__city_name_New Haven,0.0002456359228024524
categorical__county_name_Cache,0.00024520098786979573
categorical__county_name_Floyd,0.0002443094703022383
categorical__cbsa_name_Helena MT,0.00024398665039577778
categorical__county_name_Fairbanks North Star,0.00024336600232205137
categorical__cbsa_name_Chattanooga TN-GA,0.00024332920343023625
categorical__county_name_Charleston,0.0002432401966001101
categorical__county_name_Shelby,0.00024225649530399665
categorical__county_name_Harris,0.0002418333022400062
categorical__cbsa_name_Houston-The Woodlands-Sugar Land TX,0.0002415278755817706
categorical__county_name_New Castle,0.00023709258805033163
categorical__cbsa_name_Baton Rouge LA,0.0002356231915361504
categorical__county_name_Canyon,0.00023433348120757743
categorical__county_name_New York,0.00023422169845639798
categorical__county_name_Kings,0.00023230789632384122
categorical__city_name_Albany,0.00023223552305282156
categorical__city_name_Liberty,0.0002321767624450727
categorical__city_name_Modesto,0.0002311356234456018
categorical__cbsa_name_Fort Wayne IN,0.0002282350834607786
categorical__county_name_Riverside,0.00022729401306470823
categorical__city_name_Greenville,0.00022721003751080857
categorical__cbsa_name_Miami-Fort Lauderdale-West Palm Beach FL,0.00022713504367376063
categorical__cbsa_name_Columbus GA-AL,0.00022620446313378588
categorical__city_name_Indianapolis,0.00022551986234249337
categorical__city_name_Spanish Fork,0.00022479129032593792
categorical__cbsa_name_Toledo OH,0.0002236684643735401
categorical__state_name_Vermont,0.00022328764600608282
categorical__county_name_St. Louis City,0.00022315248465058036
categorical__county_name_Pulaski,0.00022296251868740815
categorical__cbsa_name_Clarksville TN-KY,0.00022282158038850624
categorical__cbsa_name_Springfield MA,0.0002222161297040188
categorical__county_name_Lancaster,0.0002215952975115674
categorical__city_name_Nashville,0.00022099705090860208
categorical__county_name_Cecil,0.00021771913510092728
categorical__city_name_Quincy,0.00021749082607905673
categorical__county_name_Santa Clara,0.00021745136008325587
categorical__county_name_Lane,0.0002171224964742196
categorical__cbsa_name_Des Moines-West Des Moines IA,0.00021682589943682783
categorical__county_name_Dallas,0.00021639811396628915
categorical__cbsa_name_Little Rock-North Little Rock-Conway AR,0.00021503264105501317
categorical__cbsa_name_Youngstown-Warren-Boardman OH-PA,0.00021494513618270546
categorical__city_name_Minneapolis,0.00021490971864604306
categorical__county_name_Richland,0.00021470238905818562
categorical__county_name_Porter,0.00021438083149718707
categorical__city_name_Columbia,0.00021399687983117928
categorical__city_name_Pikeville,0.00021360970950346148
categorical__county_name_Roane,0.00021343571202993877
categorical__city_name_Denver,0.00021227343187332719
categorical__city_name_St. Louis,0.00021203660427090445
categorical__cbsa_name_Reno NV,0.0002115237137136681
categorical__cbsa_name_Medford OR,0.00021104414064331437
categorical__city_name_Kansas City,0.00020918250301924673
categorical__city_name_Commerce City,0.00020905789998751045
categorical__city_name_Helena,0.00020800888981342138
categorical__county_name_Linn,0.00020785906637241575
categorical__cbsa_name_Muscatine IA,0.00020771588543961136
categorical__city_name_Lafayette,0.00020733107067407333
categorical__cbsa_name_Chico CA,0.00020570768335213287
categorical__city_name_Rochester,0.0002046140776191689
categorical__county_name_Tarrant,0.0002041022804220637
categorical__city_name_Cincinnati,0.000203374321171144
categorical__county_name_Multnomah,0.0002032453223111892
categorical__county_name_Snohomish,0.00020258297771057237
categorical__cbsa_name_Oxnard-Thousand Oaks-Ventura CA,0.00020240958171480655
categorical__cbsa_name_Topeka KS,0.0002022057997989437
categorical__city_name_Boston,0.0002021830035294637
categorical__cbsa_name_Vallejo-Fairfield CA,0.00020139485642100215
categorical__county_name_Gallatin,0.00020110747522124662
categorical__city_name_Elizabeth,0.00020052104728136708
categorical__city_name_Middletown,0.0001997728924236182
categorical__county_name_Davidson,0.00019930859908894163
categorical__county_name_Lawrence,0.00019923821524890452
categorical__cbsa_name_South Bend-Mishawaka IN-MI,0.00019911760631505823
categorical__county_name_District of Columbia,0.00019881978036390916
categorical__county_name_Ventura,0.00019855574468008848
categorical__cbsa_name_Nogales AZ,0.00019827395748253982
categorical__county_name_Hillsborough,0.0001980376010272328
categorical__county_name_Mercer,0.00019667130104043562
categorical__city_name_Escondido,0.000196576005852366
categorical__cbsa_name_Sault Ste. Marie MI,0.00019477996414600702
categorical__city_name_Hammond,0.0001943298873952596
categorical__city_name_Visalia,0.000193766395999821
categorical__county_name_Stark,0.00019345443311678486
categorical__cbsa_name_Cedar Rapids IA,0.00019303271140543493
categorical__cbsa_name_Dayton OH,0.00019294516778139336
categorical__cbsa_name_Bozeman MT,0.00019272835149842079
categorical__city_name_San Jose,0.00019268259228984508
categorical__city_name_Ogden Dunes (Wickliffe),0.00019209242061863795
categorical__county_name_St. Joseph,0.00019178929282942796
categorical__city_name_Nogales,0.00019080013964539955
categorical__cbsa_name_Sioux City IA-NE-SD,0.0001900305612413728
categorical__city_name_Las Vegas,0.0001893596553495386
categorical__county_name_Denver,0.00018888685904166845
categorical__county_name_Pike,0.00018836423744035907
categorical__city_name_Calexico,0.00018739850084010734
categorical__city_name_Evansville,0.00018712801657864243
categorical__county_name_Bronx,0.00018699538236728185
categorical__city_name_Terre Haute,0.00018672305455685135
categorical__city_name_Homestead,0.00018634186629807085
categorical__city_name_Gainesville,0.00018610360399316797
categorical__county_name_King,0.00018579015000155498
categorical__cbsa_name_Savannah GA,0.00018569450795688603
categorical__state_name_Hawaii,0.00018495128017872447
categorical__city_name_Little Rock,0.00018487641849800646
categorical__city_name_Tacoma,0.00018476272479847806
categorical__county_name_Washoe,0.0001846900833700844
categorical__city_name_Columbus (Remainder),0.00018415770527996383
categorical__city_name_Burlington,0.00018407316660763205
categorical__county_name_Johnson,0.00018334195147132548
categorical__cbsa_name_San Jose-Sunnyvale-Santa Clara CA,0.00018294791934331223
categorical__county_name_Davis,0.00018224513238617897
categorical__county_name_Edgefield,0.0001817851875204672
categorical__city_name_Toledo,0.00018158007145699698
categorical__cbsa_name_Anchorage AK,0.00018142571063530562
categorical__cbsa_name_Jacksonville FL,0.00018137554311883553
categorical__cbsa_name_Greeley CO,0.00018112233409610913
categorical__county_name_Greene,0.00018015063792393494
categorical__cbsa_name_Charleston-North Charleston SC,0.00017938082783494367
categorical__county_name_Colusa,0.0001793460675135241
categorical__cbsa_name_St. Cloud MN,0.00017902571171990757
categorical__city_name_McAlester,0.00017784114744407527
categorical__cbsa_name_Albuquerque NM,0.00017783008915025459
categorical__county_name_Dona Ana,0.0001777745146318226
categorical__county_name_Erie,0.00017730954630174067
categorical__city_name_Lakeview,0.00017694493181047205
categorical__county_name_Fayette,0.00017657207000417786
categorical__county_name_Allen,0.00017576960104527853
categorical__county_name_Warren,0.00017535334140073434
categorical__county_name_Tulare,0.00017467627211839907
categorical__county_name_Butte,0.0001744668757161925
categorical__cbsa_name_Macon GA,0.0001741889056137726
categorical__cbsa_name_Huntington-Ashland WV-KY-OH,0.00017398965628933436
categorical__county_name_DeKalb,0.00017366542996896314
categorical__city_name_Pawtucket,0.0001722754321576012
categorical__city_name_Jackson,0.0001721931341441468
categorical__cbsa_name_Wichita KS,0.00017211097026530587
categorical__city_name_Anaheim,0.00017210204242437108
categorical__county_name_Weld,0.0001720697646323738
categorical__county_name_Knox,0.00017191236997049644
categorical__county_name_Lucas,0.0001716893030044051
categorical__city_name_Lexington-Fayette (corporate name for Lexington),0.0001711731222881796
categorical__city_name_Atlanta,0.00017009740733509048
categorical__county_name_Lemhi,0.00016940680728062856
categorical__county_name_Cumberland,0.00016937886655103858
categorical__county_name_Walker,0.00016915309382502415
categorical__city_name_Nampa,0.00016912554838775955
categorical__county_name_Sheridan,0.00016911666406883892
categorical__city_name_Fort Wayne,0.00016905667589376273
categorical__county_name_Stearns,0.00016892325006440535
categorical__city_name_Memphis,0.0001688164120312757
categorical__cbsa_name_Terre Haute IN,0.0001682097922159335
categorical__cbsa_name_Beaumont-Port Arthur TX,0.00016754615746003492
categorical__city_name_St. Cloud,0.00016691281789396484
categorical__city_name_Clovis,0.00016675970713374164
categorical__city_name_Reseda,0.00016663197004708572
categorical__county_name_Sumner,0.00016645629074961052
categorical__county_name_Vigo,0.00016639433555220673
categorical__city_name_Cedar Rapids,0.00016637867323799014
categorical__cbsa_name_Columbus OH,0.0001661368855586687
categorical__county_name_Butler,0.00016600458459521014
categorical__city_name_Fort Worth,0.00016490794092859464
categorical__cbsa_name_Las Cruces NM,0.00016465245169570912
categorical__city_name_Augusta-Richmond County (Remainder),0.0001632613607120837
categorical__county_name_Lincoln,0.00016288763045738377
categorical__cbsa_name_Oklahoma City OK,0.00016241582663810701
categorical__county_name_Houston,0.0001617847794515556
categorical__county_name_Spokane,0.00016151017124703198
categorical__county_name_Cass,0.00016107466351153555
categorical__city_name_Des Moines,0.0001607121204204549
categorical__city_name_Jacksonville,0.00015982650761594083
categorical__county_name_Arapahoe,0.00015974045201572602
categorical__city_name_Birmingham,0.00015971226281718097
categorical__county_name_Duval,0.0001595479479087519
categorical__county_name_Benton,0.00015909373576321345
categorical__city_name_Clarksville,0.00015865561435477515
categorical__city_name_Garden City,0.00015857743969396036
categorical__cbsa_name_Visalia-Porterville CA,0.00015843330214943674
categorical__cbsa_name_Redding CA,0.00015721407471528678
categorical__city_name_Dallas,0.0001570009929348077
categorical__county_name_Santa Cruz,0.00015666382539187608
categorical__city_name_El Centro,0.00015630144726244734
categorical__city_name_Canton,0.00015616443551674962
categorical__cbsa_name_Hanford-Corcoran CA,0.00015586530982787948
categorical__city_name_Charlotte,0.0001552210795259038
categorical__cbsa_name_Yuba City CA,0.00015493899791355347
categorical__county_name_Mobile,0.0001544152655622289
categorical__city_name_Tooele,0.000153970173760327
categorical__cbsa_name_Winston-Salem NC,0.00015380955844546858
categorical__city_name_Pittsburgh,0.00015342850264573685
categorical__county_name_Sutter,0.00015337406811059083
categorical__city_name_Houston,0.00015259609812200993
categorical__county_name_Prince George's,0.00015255321068175464
categorical__city_name_Fayetteville,0.00015193268866398195
categorical__county_name_Muscogee,0.00015152551583987782
categorical__cbsa_name_Wheeling WV-OH,0.00015146743152432386
categorical__cbsa_name_Butte-Silver Bow MT,0.0001513134893052191
categorical__county_name_Rosebud,0.00015090299111728073
categorical__city_name_Medford,0.00015081154627919282
categorical__city_name_Yuba City,0.00015014937296474478
categorical__cbsa_name_Sheridan WY,0.00015004470220035776
categorical__city_name_Littleton,0.0001497265887425705
categorical__county_name_Shasta,0.00014948801724551936
categorical__county_name_East Baton Rouge,0.0001491500713397447
categorical__cbsa_name_Durham-Chapel Hill NC,0.0001489794830519816
categorical__county_name_Leon,0.00014792594433782916
categorical__county_name_Saint Clair,0.00014767837334177
categorical__city_name_Los Angeles,0.0001476684159659049
categorical__cbsa_name_McAlester OK,0.00014741783664815226
categorical__city_name_El Cajon,0.00014648111099228707
categorical__city_name_Charleston,0.00014620033607241336
categorical__city_name_Juneau,0.00014608709964428448
categorical__cbsa_name_Canton-Massillon OH,0.00014592704394409092
categorical__county_name_Campbell,0.00014592643354896222
categorical__county_name_Yakima,0.0001457638538419676
categorical__county_name_Orleans,0.00014572010975848578
categorical__city_name_Steubenville,0.00014560934595981607
categorical__city_name_Highland,0.0001454617440682056
categorical__cbsa_name_Kalispell MT,0.00014538497370404047
categorical__city_name_Butte-Silver Bow (Remainder),0.00014459702074403474
categorical__city_name_Norristown,0.0001443288757340022
categorical__city_name_Concord,0.00014368085756645714
categorical__city_name_Spokane,0.00014322592656226907
categorical__city_name_Eugene,0.0001430992965534598
categorical__city_name_North Charleston,0.00014306250388155563
categorical__cbsa_name_Burlington-South Burlington VT,0.00014298662489011706
categorical__county_name_Northampton,0.00014294453235906733
categorical__city_name_St. Louis Park,0.00014263092618268717
categorical__city_name_Lindon,0.00014245349199777126
categorical__county_name_Flathead,0.0001422818843298219
categorical__county_name_Palm Beach,0.000142266442181041
categorical__cbsa_name_La Grande OR,0.00014210711980969698
categorical__county_name_Clay,0.00014205113935120947
categorical__city_name_San Francisco,0.0001420280761434594
categorical__city_name_Miami,0.00014162593710616422
categorical__city_name_Apple Valley,0.00014157157840835087
categorical__cbsa_name_Akron OH,0.00014149285377098897
categorical__city_name_Akron,0.00014102953184053936
categorical__cbsa_name_Lafayette-West Lafayette IN,0.00014101298188230976
categorical__city_name_Redwood City,0.0001410094795114665
categorical__cbsa_name_Keene NH,0.00014092000022496344
categorical__city_name_Hillsboro,0.00014081709145781558
categorical__cbsa_name_Mobile AL,0.00014074705356814326
categorical__city_name_Kennewick,0.0001407136567215651
categorical__city_name_Provo,0.0001404654240859753
categorical__county_name_Chippewa,0.0001403807977094851
categorical__city_name_Arden-Arcade,0.0001398537983298364
categorical__city_name_Rubidoux,0.0001397737827655117
categorical__cbsa_name_Greensboro-High Point NC,0.0001396824579547201
categorical__county_name_Bibb,0.0001395273515313946
categorical__city_name_New Paris,0.0001392431051332715
categorical__city_name_Allen Park,0.00013912480089383228
categorical__cbsa_name_Raleigh NC,0.00013870698855894694
categorical__county_name_Cheshire,0.00013846534059664642
categorical__city_name_St. Joseph,0.0001384106674967678
categorical__city_name_Marysville,0.00013830608852922428
categorical__cbsa_name_Dover DE,0.000138135644220363
categorical__city_name_Oakridge,0.00013740972441077218
categorical__county_name_Delaware,0.00013727112996091782
categorical__county_name_San Joaquin,0.00013705925435304536
categorical__cbsa_name_Rapid City SD,0.0001370119879193112
categorical__county_name_Ravalli,0.0001368164436337163
categorical__county_name_Merced,0.00013595234792604892
categorical__city_name_Louisville,0.00013587805411816606
categorical__city_name_New Orleans,0.00013586282867606366
categorical__county_name_Carter,0.00013571216728311752
categorical__cbsa_name_Hartford-West Hartford-East Hartford CT,0.0001356135559075232
categorical__city_name_Portola,0.00013556813567915454
categorical__city_name_Platteville,0.00013534143728293898
categorical__county_name_Nassau,0.00013525527759643025
categorical__cbsa_name_Dothan AL,0.00013525000975508333
categorical__county_name_Hall,0.00013503779443974642
categorical__cbsa_name_Seneca SC,0.00013483586975211905
categorical__county_name_Queens,0.0001348174664471636
categorical__city_name_Providence,0.00013476902917443787
categorical__city_name_Chester,0.0001347484456926412
categorical__city_name_Hamilton,0.00013457199100922658
categorical__county_name_Perry,0.0001344942067177654
categorical__cbsa_name_Madera CA,0.00013428360594784595
categorical__cbsa_name_Kennewick-Richland WA,0.0001341279701056809
categorical__county_name_Solano,0.00013412595447355731
categorical__city_name_Franklin,0.0001334326739360431
categorical__city_name_Thousand Oaks,0.00013273533447567316
categorical__county_name_Pierce,0.0001323478109542954
categorical__county_name_Mahoning,0.00013233506713232436
categorical__county_name_Sublette,0.0001319428720549113
categorical__cbsa_name_Jackson MS,0.00013174353165766955
categorical__city_name_Youngstown,0.00013168871037918397
categorical__county_name_Hawaii,0.0001316489117448938
categorical__city_name_Tulsa,0.00013100819859905563
categorical__city_name_Knoxville,0.00013084592923029233
categorical__county_name_Dougherty,0.00013070978284916658
categorical__city_name_Freemansburg,0.0001302533384892558
categorical__city_name_Macon,0.00013014574909453268
categorical__county_name_Will,0.00012990897451526813
categorical__city_name_Livermore,0.0001298259755025009
categorical__cbsa_name_Clinton IA,0.00012980668307209053
categorical__city_name_Pearl City,0.00012935775594837706
categorical__cbsa_name_Tampa-St. Petersburg-Clearwater FL,0.00012928622011333473
categorical__cbsa_name_Gainesville FL,0.00012912355040182823
categorical__county_name_Bernalillo,0.0001289689941255844
categorical__county_name_Tooele,0.00012873677812597466
categorical__county_name_Fremont,0.00012842102876367854
categorical__county_name_Kanawha,0.000128395841694187
categorical__city_name_Tampa,0.0001283412823285331
categorical__cbsa_name_Waterloo-Cedar Falls IA,0.00012797253634924558
categorical__cbsa_name_Spokane-Spokane Valley WA,0.00012793718834050192
categorical__county_name_Nevada,0.00012779064440923566
categorical__county_name_Plymouth,0.00012749403309592812
categorical__city_name_Azusa,0.00012744583453076034
categorical__city_name_Albuquerque,0.00012714765989481675
categorical__city_name_Sault Ste. Marie,0.00012700897546567353
categorical__city_name_Sheridan,0.00012689319036999474
categorical__county_name_Box Elder,0.0001268090133333881
categorical__county_name_Hancock,0.00012674315388115293
categorical__cbsa_name_Albany GA,0.0001265955505320124
categorical__cbsa_name_Stockton-Lodi CA,0.00012648673208576309
categorical__county_name_Matanuska-Susitna,0.000126275023745874
categorical__county_name_Yolo,0.00012606786359780874
categorical__cbsa_name_Rochester MN,0.0001260413900125467
categorical__county_name_Miami-Dade,0.0001259600676586509
categorical__county_name_Buchanan,0.00012579719748258806
categorical__city_name_Sandersville,0.00012519994883587572
categorical__county_name_Chittenden,0.00012514037497886316
categorical__cbsa_name_Jackson TN,0.0001251201656159324
categorical__cbsa_name_Truckee-Grass Valley CA,0.00012495194703139164
categorical__city_name_Jasper,0.00012492078275839146
categorical__county_name_Pottawattamie,0.00012434687800697166
categorical__county_name_Outagamie,0.0001240590305631178
categorical__cbsa_name_Muncie IN,0.0001238656922074806
categorical__cbsa_name_Albany-Schenectady-Troy NY,0.0001237826089536498
categorical__county_name_Sarpy,0.00012364571244762737
categorical__cbsa_name_Yakima WA,0.00012355761761460212
categorical__county_name_Berkeley,0.00012353888777237576
categorical__city_name_Ogden,0.00012349925406318006
categorical__city_name_Tempe,0.00012290569717393268
categorical__city_name_Bountiful,0.00012288524195585483
categorical__city_name_Sheffield,0.00012287992534860113
categorical__city_name_Washington Terrace,0.0001227241144665146
categorical__city_name_Logan,0.00012265565937343457
categorical__city_name_Grand Junction,0.00012250209750882865
categorical__county_name_Honolulu,0.0001223701544457512
categorical__city_name_Seattle,0.00012234460218836865
categorical__county_name_Klamath,0.00012231745637453567
categorical__county_name_Silver Bow,0.00012215611422925735
categorical__city_name_Tallahassee,0.0001221298972597488
categorical__county_name_McLean,0.00012196767349409042
categorical__city_name_Decatur,0.00012196343398524678
categorical__county_name_Placer,0.00012187322352652605
categorical__cbsa_name_Juneau AK,0.0001217167056302182
categorical__cbsa_name_Rome GA,0.00012154885045481358
categorical__city_name_Muncie,0.00012143532619885901
categorical__county_name_Black Hawk,0.00012114311599747137
categorical__cbsa_name_Merced CA,0.00012114208934855916
categorical__county_name_New London,0.00012109185153886077
categorical__county_name_Pinal,0.00012108450471377114
categorical__city_name_Syracuse,0.00012096231254556104
categorical__county_name_Lee,0.00012086848322389306
categorical__county_name_Mayes,0.00012085790530752106
categorical__cbsa_name_Richmond VA,0.00012065694486592314
categorical__county_name_Forsyth,0.00012033217763042236
categorical__city_name_Dover,0.00012029049384809702
categorical__city_name_Wichita,0.00012006167903615864
categorical__cbsa_name_Ann Arbor MI,0.0001197499626244978
categorical__city_name_Iowa City,0.00011941475884312235
categorical__cbsa_name_Atlantic City-Hammonton NJ,0.00011940117886317848
categorical__city_name_Blair,0.00011937215094658117
categorical__city_name_Moundsville,0.00011915519451461612
categorical__city_name_Erie,0.00011915261480867398
categorical__city_name_Green Bay,0.00011879968087879605
categorical__county_name_Broward,0.000118615569758601
categorical__cbsa_name_Rochester NY,0.00011844191024836706
categorical__city_name_Dale,0.00011839450858030136
categorical__city_name_Bryson City (RR name Bryson),0.00011835921914188046
categorical__cbsa_name_Appleton WI,0.0001182757793551963
categorical__city_name_Waterloo,0.00011805822870180536
categorical__city_name_Reno,0.00011805436691595132
categorical__county_name_Sedgwick,0.0001179757400936189
categorical__county_name_Alachua,0.00011791933506290302
categorical__city_name_Brockton,0.00011783666716742722
categorical__city_name_Beaver Falls,0.00011772144738547142
categorical__county_name_Alamance,0.00011754068221328107
categorical__county_name_Atlantic,0.00011725158287726579
categorical__cbsa_name_Grants Pass OR,0.00011707467898255066
categorical__city_name_Worcester,0.00011707125019262757
categorical__cbsa_name_Lexington-Fayette KY,0.00011694124185803514
categorical__cbsa_name_Texarkana TX-AR,0.00011691516847838356
categorical__cbsa_name_Green Bay WI,0.00011672539173172982
categorical__county_name_Contra Costa,0.00011655163954545932
categorical__county_name_Marshall,0.00011653033209644946
categorical__cbsa_name_Grand Junction CO,0.00011612758364751916
categorical__cbsa_name_Syracuse NY,0.0001160759159969901
categorical__city_name_Kent,0.0001160403813033299
categorical__county_name_Champaign,0.00011600996944810363
categorical__county_name_Mecklenburg,0.00011596895365947336
categorical__city_name_Sioux Falls,0.00011594503532922715
categorical__cbsa_name_Klamath Falls OR,0.00011574494232216405
categorical__city_name_Vancouver,0.00011567864179520979
categorical__city_name_San Diego,0.0001156247458717396
categorical__city_name_Newark,0.00011561559569695233
categorical__county_name_Worcester,0.00011561355565394723
categorical__cbsa_name_Watertown SD,0.0001155212391025819
categorical__county_name_Pinellas,0.00011525485839852024
categorical__city_name_Jeffersonville,0.00011520712295838495
categorical__county_name_Pittsburg,0.00011497101617199856
categorical__county_name_Rockingham,0.00011455418838013423
categorical__city_name_Appleton,0.00011445497720328637
categorical__city_name_Newburgh,0.00011409802452716822
categorical__cbsa_name_Cookeville TN,0.00011362439562477487
categorical__city_name_Allentown,0.00011319079184728114
categorical__city_name_Martinsburg,0.00011316249042854584
categorical__county_name_Merrimack,0.00011293390390870025
categorical__county_name_Dane,0.00011292168015754239
categorical__county_name_Palo Alto,0.00011286082231410945
categorical__county_name_Woodbury,0.00011285227300893537
categorical__cbsa_name_Concord NH,0.00011263451038477373
categorical__city_name_Harriman,0.0001125597394654289
categorical__city_name_Marion,0.00011255909837885907
categorical__county_name_Iberville,0.0001125055427622472
categorical__cbsa_name_Tulsa OK,0.00011241863069725897
categorical__city_name_Boise (corporate name Boise City),0.00011209759519343491
categorical__county_name_Lynchburg City,0.00011207156115711968
categorical__city_name_Grants Pass,0.0001119730407734937
categorical__city_name_Bellevue,0.00011196482456328203
categorical__city_name_Laurel,0.00011178090110126732
categorical__county_name_Winnebago,0.00011161657950448102
categorical__cbsa_name_Grand Rapids-Wyoming MI,0.0001113473330163247
categorical__city_name_Kennesaw,0.00011111445889330703
categorical__cbsa_name_Lakeland-Winter Haven FL,0.00011072306892832323
categorical__county_name_Tippecanoe,0.00011051679900931296
categorical__city_name_Lincoln,0.0001103991474959415
categorical__county_name_Henry,0.00011014279692926014
categorical__county_name_Oconee,0.0001099847305858043
categorical__cbsa_name_Champaign-Urbana IL,0.0001099353541247239
categorical__county_name_Page,0.00010971987682277542
categorical__city_name_Elkhart,0.00010966590044866018
categorical__county_name_Preble,0.00010962600968049123
categorical__county_name_Calcasieu,0.00010939681500776552
categorical__city_name_Overland Park,0.00010924699733040941
categorical__county_name_Morris,0.000109197151222873
categorical__city_name_Grand Rapids,0.00010909807595204847
categorical__cbsa_name_Charleston WV,0.00010907149806385698
categorical__cbsa_name_Manchester-Nashua NH,0.00010904551290222691
categorical__cbsa_name_Erie PA,0.00010895220805428166
categorical__city_name_Doraville,0.00010882147572043744
categorical__cbsa_name_Lewiston ID-WA,0.00010880633333417428
categorical__cbsa_name_Madison WI,0.00010862759507608684
categorical__county_name_St. Croix,0.00010845156213341296
categorical__cbsa_name_Greenville-Anderson-Mauldin SC,0.0001083410396604779
categorical__city_name_Swansea,0.00010828666262477223
categorical__cbsa_name_Hilo HI,0.00010821990398252122
categorical__city_name_Onamia,0.00010803370737542923
categorical__cbsa_name_Niles-Benton Harbor MI,0.00010798363016302922
categorical__city_name_Spruce Pine,0.00010793674917928342
categorical__cbsa_name_Worcester MA-CT,0.0001079142502425684
categorical__county_name_Centre,0.00010738268671597969
categorical__cbsa_name_Lynchburg VA,0.0001072972528560991
categorical__city_name_Emmetsburg,0.000107189162488571
categorical__cbsa_name_Florence-Muscle Shoals AL,0.00010713993728795154
categorical__cbsa_name_Fayetteville NC,0.00010711196229995402
categorical__city_name_Winston-Salem,0.00010689909205784848
categorical__cbsa_name_Natchez MS-LA,0.0001066290161084432
categorical__county_name_Steuben,0.00010661405761483591
categorical__city_name_Redding,0.00010655246043858509
categorical__county_name_Benewah,0.00010629559096744704
categorical__county_name_Macon,0.00010592108201795165
categorical__county_name_Elkhart,0.00010567094931231787
categorical__county_name_Dakota,0.00010566880657723802
categorical__cbsa_name_Corning NY,0.0001056384638316531
categorical__county_name_Manitowoc,0.0001055625009145842
categorical__cbsa_name_Lawrenceburg TN,0.00010555032941991527
categorical__city_name_Shakopee,0.00010549728960567986
categorical__county_name_Dauphin,0.0001054428726263364
categorical__city_name_Savannah,0.0001053168997251312
categorical__county_name_Cobb,0.00010525488597229318
categorical__cbsa_name_Lumberton NC,0.00010515493480777979
categorical__cbsa_name_Gettysburg PA,0.00010509323038294673
categorical__city_name_Kinston,0.00010494300289894924
categorical__city_name_Brunswick,0.00010485061136864688
categorical__city_name_Belle Glade,0.00010474123410359075
categorical__city_name_Pasadena,0.00010466953236490811
categorical__city_name_Hendersonville,0.00010464829023900257
categorical__cbsa_name_Lafayette LA,0.000104592247619339
categorical__city_name_Sioux City,0.00010457527372848555
categorical__city_name_Westport,0.0001045197447567174
categorical__city_name_Atlantic City,0.00010437073588209814
categorical__county_name_Josephine,0.00010414502196618518
categorical__cbsa_name_Asheville NC,0.00010379828458336677
categorical__city_name_Corpus Christi,0.00010373373051860744
categorical__city_name_Coloma,0.00010362146644765378
categorical__cbsa_name_Burlington NC,0.00010361091909923789
categorical__city_name_Clinton,0.00010361081958838572
categorical__county_name_Albany,0.0001032914839110497
categorical__city_name_Big Bear City,0.00010319151214047695
categorical__city_name_Council Bluffs,0.00010291522660670054
categorical__cbsa_name_Urban Honolulu HI,0.00010275242008128414
categorical__city_name_Natchez,0.00010265930616304261
categorical__county_name_Etowah,0.00010246924502229344
categorical__county_name_Bell,0.00010234746577960959
categorical__city_name_Pryor (corporate name Pryor Creek),0.00010222355271541405
categorical__cbsa_name_Jasper IN,0.00010214082549039751
categorical__county_name_Mitchell,0.00010213846147077195
categorical__county_name_Escambia,0.00010213037969941767
categorical__county_name_Onondaga,0.00010207984597101233
categorical__city_name_Kenner,0.00010195809526397451
categorical__cbsa_name_San Antonio-New Braunfels TX,0.00010188094201604138
categorical__cbsa_name_Scranton--Wilkes-Barre--Hazleton PA,0.00010172653036830076
categorical__city_name_Ashland,0.0001016361922967074
categorical__county_name_Summit,0.00010149169937431006
categorical__county_name_Norfolk City,0.0001012685309437923
categorical__county_name_Hudson,0.00010123992808429449
categorical__cbsa_name_Middlesborough KY,0.00010116936839152337
categorical__city_name_Greeley,0.00010110215798303519
categorical__county_name_Washtenaw,0.0001010699545800273
categorical__cbsa_name_Trenton NJ,0.0001009887269728567
categorical__cbsa_name_Springfield MO,0.00010096185877337464
categorical__cbsa_name_San Juan-Carolina-Caguas PR,0.00010083067989996984
categorical__county_name_Roanoke City,0.00010082022079197966
categorical__city_name_Colusa,0.00010080990813848061
categorical__county_name_San Francisco,0.00010073854663982391
categorical__city_name_Stockton,0.00010057059235327565
categorical__county_name_Bay,0.00010048145680776913
categorical__city_name_Norfolk,0.00010047794366077545
categorical__cbsa_name_Iowa City IA,0.00010011235352569729
categorical__city_name_West Orange,0.00010005749702591148
categorical__city_name_Shreveport,0.00010003984332545075
categorical__city_name_Austin,9.999045233436428e-05
categorical__county_name_Lexington,9.984255135488618e-05
categorical__county_name_Ozaukee,9.983433422163602e-05
categorical__county_name_Bristol,9.977271002337964e-05
categorical__cbsa_name_Tuscaloosa AL,9.976302418735335e-05
categorical__cbsa_name_McAllen-Edinburg-Mission TX,9.947352293880742e-05
categorical__city_name_Truckee,9.932659750066132e-05
categorical__cbsa_name_Rockford IL,9.905504565762797e-05
categorical__cbsa_name_Kokomo IN,9.903752143886855e-05
categorical__county_name_Bergen,9.898441566892015e-05
categorical__county_name_Chesterfield,9.877836566517541e-05
categorical__city_name_Norwich,9.87775967814291e-05
categorical__county_name_Mille Lacs,9.876445587549273e-05
categorical__county_name_Brown,9.85209947389984e-05
categorical__cbsa_name_Greenwood SC,9.848773980021212e-05
categorical__county_name_Paulding,9.847312287988535e-05
categorical__cbsa_name_Boulder CO,9.845325574190224e-05
categorical__county_name_Sauk,9.844993545288283e-05
categorical__county_name_Dodge,9.830410710580206e-05
categorical__county_name_Camden,9.830146128858161e-05
categorical__cbsa_name_Brunswick GA,9.823525136852682e-05
categorical__county_name_Juneau,9.818443981460782e-05
categorical__cbsa_name_Rutland VT,9.809030176602756e-05
categorical__cbsa_name_Modesto CA,9.806944660026922e-05
categorical__city_name_New Albany,9.804087881096607e-05
categorical__city_name_Raleigh,9.793800700147021e-05
categorical__city_name_Beltsville,9.778775368074714e-05
categorical__county_name_San Luis Obispo,9.769407579415186e-05
categorical__city_name_Bridgeport,9.751378273402146e-05
categorical__city_name_Hobbs,9.750386787229438e-05
categorical__county_name_Fairfax,9.744385152472029e-05
categorical__county_name_Lauderdale,9.722741301136755e-05
categorical__cbsa_name_Lancaster PA,9.700152206944275e-05
categorical__county_name_West Baton Rouge,9.689105139591892e-05
categorical__city_name_Middlesborough (corporate name for Middlesboro),9.686554657416909e-05
categorical__city_name_Anchorage,9.671636155823387e-05
categorical__cbsa_name_Duluth MN-WI,9.66636429583719e-05
categorical__county_name_Mesa,9.665638527660633e-05
categorical__county_name_Kane,9.664885748011508e-05
categorical__city_name_Riverside,9.645041171958528e-05
categorical__county_name_Hartford,9.633518630313666e-05
categorical__city_name_Ladue,9.632563556210885e-05
categorical__city_name_La Grande,9.631709470159053e-05
categorical__county_name_Putnam,9.628632891429236e-05
categorical__city_name_Kenansville,9.620495569463292e-05
categorical__city_name_Davie,9.607802665242068e-05
categorical__city_name_North Braddock,9.58614069489388e-05
categorical__city_name_Altamont,9.584579496016759e-05
categorical__city_name_Hampton,9.571551132945305e-05
categorical__county_name_Robeson,9.564669118410246e-05
categorical__city_name_Loretto,9.558603145056005e-05
categorical__city_name_Lynn,9.556294432125432e-05
categorical__city_name_Keene,9.554676547897014e-05
categorical__county_name_Berkshire,9.542042935913694e-05
categorical__cbsa_name_Monroe MI,9.529898991988038e-05
categorical__city_name_Virginia Beach,9.52247251238604e-05
categorical__cbsa_name_State College PA,9.517564990230276e-05
categorical__city_name_Dyersburg,9.512981172118336e-05
categorical__city_name_Chapel Hill,9.511874645143194e-05
categorical__city_name_Clive,9.504771023545427e-05
categorical__county_name_Waukesha,9.498281691659644e-05
categorical__county_name_Dyer,9.49510329124322e-05
categorical__cbsa_name_North Port-Sarasota-Bradenton FL,9.485457068517995e-05
categorical__county_name_Ouachita,9.463688590772944e-05
categorical__county_name_Westmoreland,9.45432215431505e-05
categorical__county_name_Clinton,9.453757757776069e-05
categorical__city_name_Bristol,9.452248201706766e-05
categorical__city_name_Normal,9.44866881476531e-05
categorical__county_name_Virginia Beach City,9.422284707574996e-05
categorical__city_name_Portsmouth,9.413585151586772e-05
categorical__county_name_Colbert,9.413058626155227e-05
categorical__city_name_Brookings,9.402700672375553e-05
categorical__cbsa_name_New Castle IN,9.390295783448182e-05
categorical__county_name_Greenville,9.383263678294033e-05
categorical__city_name_Cottonwood West,9.380944844949325e-05
categorical__city_name_Scranton,9.363243655244083e-05
categorical__city_name_Lynchburg,9.35288656334526e-05
categorical__city_name_Fontana,9.350021095658642e-05
categorical__county_name_Middlesex,9.334403047375533e-05
categorical__city_name_Dothan,9.334068890058196e-05
categorical__cbsa_name_Dyersburg TN,9.329052613364903e-05
categorical__county_name_Guilford,9.327325391301029e-05
categorical__city_name_Richfield,9.326745984856904e-05
categorical__city_name_Bladensburg,9.326184128550955e-05
categorical__city_name_Chula Vista,9.3094924030966e-05
categorical__cbsa_name_Roanoke VA,9.307604292938833e-05
categorical__cbsa_name_Clarksburg WV,9.305239125613207e-05
categorical__cbsa_name_St. Joseph MO-KS,9.29676643302046e-05
categorical__cbsa_name_Lincoln NE,9.29600649135522e-05
categorical__city_name_Gordon,9.288471820772414e-05
categorical__city_name_East Providence,9.27096461643173e-05
categorical__county_name_Berrien,9.257539990816461e-05
categorical__county_name_Christian,9.254420989302238e-05
categorical__city_name_Madison,9.253311590559283e-05
categorical__county_name_Rutland,9.250142890249546e-05
categorical__county_name_Custer,9.247974393903323e-05
categorical__city_name_Texarkana,9.219030770383948e-05
categorical__county_name_Mendocino,9.211982115391054e-05
categorical__city_name_Millington,9.1948975354787e-05
categorical__city_name_East Saint Louis,9.161282269946533e-05
categorical__county_name_Wilkinson,9.159908400306477e-05
categorical__county_name_Lorain,9.127156563513845e-05
categorical__city_name_Cookeville,9.126447610596924e-05
categorical__cbsa_name_Montgomery AL,9.122952812654524e-05
categorical__city_name_Clarksburg,9.099904257981713e-05
categorical__city_name_Santa Rosa,9.090977720833657e-05
categorical__county_name_Tulsa,9.090322840041422e-05
categorical__county_name_Van Buren,9.086278000096827e-05
categorical__city_name_Olathe,9.070819242807972e-05
categorical__city_name_Magna,9.058524348265637e-05
categorical__city_name_Watertown,9.058418577943583e-05
categorical__city_name_Muscle Shoals,9.05528433001321e-05
categorical__county_name_Hinds,9.05162193770909e-05
categorical__city_name_Wilmington,9.044376476195678e-05
categorical__county_name_LaPorte,9.03376591945545e-05
categorical__cbsa_name_Lake Charles LA,9.007472941806662e-05
categorical__county_name_Sullivan,9.001022613372043e-05
categorical__city_name_Chicopee,8.981668138594446e-05
categorical__city_name_Pinehurst (Pine Creek),8.980937292455751e-05
categorical__city_name_Vallejo,8.966684333029926e-05
categorical__county_name_Bucks,8.965195953391935e-05
categorical__cbsa_name_Athens-Clarke County GA,8.926947448276954e-05
categorical__county_name_Webb,8.920463420724481e-05
categorical__city_name_Cave Rock,8.916136786151895e-05
categorical__city_name_Royal Palm Beach,8.894050856178756e-05
categorical__county_name_York,8.892646039421026e-05
categorical__city_name_Brigham City,8.889115875599403e-05
categorical__county_name_Codington,8.885235992502237e-05
categorical__county_name_Gloucester,8.88424743049153e-05
categorical__cbsa_name_Sioux Falls SD,8.88053890590096e-05
categorical__city_name_Soddy-Daisy,8.88027784633821e-05
categorical__city_name_Pompano Beach,8.854743878375357e-05
categorical__city_name_Pico Rivera,8.843613273431427e-05
categorical__city_name_Richmond,8.838729097416834e-05
categorical__city_name_Woodland,8.837999302282235e-05
categorical__county_name_Shoshone,8.836699256492518e-05
categorical__county_name_Calaveras,8.828923725826674e-05
categorical__city_name_Muskegon,8.825179345032986e-05
categorical__cbsa_name_Athens OH,8.824299058628322e-05
categorical__county_name_Wright,8.820201635067299e-05
categorical__county_name_San Mateo,8.807984836790928e-05
categorical__cbsa_name_Tallahassee FL,8.802573758236958e-05
categorical__city_name_Rahway,8.800979773257172e-05
categorical__cbsa_name_Beaver Dam WI,8.788673679001316e-05
categorical__county_name_Minnehaha,8.753287513723495e-05
categorical__county_name_Beaver,8.746546456469807e-05
categorical__city_name_East Ridge,8.745512412719758e-05
categorical__cbsa_name_Quincy IL-MO,8.743893202774503e-05
categorical__city_name_Weirton,8.742953916639832e-05
categorical__county_name_Tuscaloosa,8.735470881388209e-05
categorical__city_name_Thompson Falls,8.729145397115779e-05
categorical__cbsa_name_Tahlequah OK,8.715810128621961e-05
categorical__city_name_Yakima,8.713380704586957e-05
categorical__city_name_Myrtle Beach,8.707696828898747e-05
categorical__city_name_Saint Petersburg,8.703369964711859e-05
categorical__county_name_Kenosha,8.682707138942959e-05
categorical__cbsa_name_Elkhart-Goshen IN,8.678855020953247e-05
categorical__cbsa_name_Kinston NC,8.655220136181601e-05
categorical__county_name_Lowndes,8.652618654090057e-05
categorical__county_name_Howard,8.647208838578606e-05
categorical__city_name_Clarion,8.64275587819296e-05
categorical__city_name_Rutland,8.63889826544006e-05
categorical__city_name_Pascagoula,8.620084544058882e-05
categorical__county_name_Duplin,8.581875220026981e-05
categorical__county_name_Travis,8.572276453609194e-05
categorical__city_name_Oklahoma City,8.554413227316622e-05
categorical__cbsa_name_Idaho Falls ID,8.550230490744518e-05
categorical__city_name_Pleasant Prairie,8.546456748066749e-05
categorical__city_name_Lebanon,8.543709249071892e-05
categorical__county_name_Sumter,8.54358882881362e-05
categorical__city_name_Groveton,8.531271288563115e-05
categorical__county_name_McCracken,8.526445647954793e-05
categorical__county_name_Randolph,8.524159489351123e-05
categorical__county_name_Summers,8.523301280051935e-05
categorical__county_name_Sandoval,8.51779048026281e-05
categorical__county_name_Forrest,8.517481034831024e-05
categorical__cbsa_name_Myrtle Beach-Conway-North Myrtle Beach SC-NC,8.511069969978768e-05
categorical__city_name_Candor,8.502251273155219e-05
categorical__city_name_El Dorado,8.500678866561195e-05
categorical__cbsa_name_Pensacola-Ferry Pass-Brent FL,8.476873016760792e-05
categorical__cbsa_name_Florence SC,8.473427454973019e-05
categorical__county_name_Olmsted,8.466977289553716e-05
categorical__county_name_Dubois,8.462209130443228e-05
categorical__cbsa_name_Laredo TX,8.456563371768606e-05
categorical__city_name_Mission Viejo,8.45636238989179e-05
categorical__cbsa_name_Bend-Redmond OR,8.456319326421187e-05
categorical__county_name_Muskegon,8.455756714416689e-05
categorical__county_name_Macomb,8.454000625968895e-05
categorical__city_name_Burbank,8.45086140724365e-05
categorical__city_name_Rocky Mount,8.424175841415003e-05
categorical__city_name_Pelham,8.422491196946429e-05
categorical__city_name_Pocatello,8.415301394850784e-05
categorical__county_name_Medina,8.407308691064508e-05
categorical__county_name_Henrico,8.398110933724508e-05
categorical__county_name_Gwinnett,8.383586894739895e-05
categorical__city_name_Camden,8.382460121233633e-05
categorical__cbsa_name_Muskegon MI,8.359471430591124e-05
categorical__county_name_Boulder,8.353337894458283e-05
categorical__cbsa_name_Orlando-Kissimmee-Sanford FL,8.346494104798392e-05
categorical__county_name_Greenwood,8.340631377331787e-05
categorical__county_name_New Hanover,8.323024558967432e-05
categorical__city_name_Greensburg,8.31967282588921e-05
categorical__city_name_Bay City,8.312330266507456e-05
categorical__cbsa_name_Riverton WY,8.300300927949332e-05
categorical__county_name_Baltimore,8.288315393683593e-05
categorical__cbsa_name_Ukiah CA,8.284128808778327e-05
categorical__city_name_Whitefish,8.282738952259042e-05
categorical__county_name_Loudon,8.277104597375129e-05
categorical__city_name_Lake Forest Park,8.270761171507244e-05
categorical__cbsa_name_Deltona-Daytona Beach-Ormond Beach FL,8.266713560357256e-05
categorical__county_name_Volusia,8.266093821161556e-05
categorical__cbsa_name_Bowling Green KY,8.26606335534057e-05
categorical__county_name_Terrebonne,8.265082860013838e-05
categorical__city_name_Niagara Falls,8.262126940228078e-05
categorical__city_name_Yellow Springs,8.258810434080806e-05
categorical__cbsa_name_Claremont-Lebanon NH-VT,8.253656639272266e-05
categorical__city_name_Waukesha,8.18215364344846e-05
categorical__county_name_Ottawa,8.172950024786312e-05
categorical__city_name_Pittsfield,8.156350947825505e-05
categorical__cbsa_name_Hobbs NM,8.154566598530681e-05
categorical__city_name_Lewiston,8.151938992304012e-05
categorical__city_name_Chickasaw,8.151508507525964e-05
categorical__county_name_Oakland,8.148103142532212e-05
categorical__city_name_Schenectady,8.135523977419802e-05
categorical__city_name_San Bernardino,8.134049278816318e-05
categorical__county_name_Henderson,8.131478665419725e-05
categorical__cbsa_name_Manitowoc WI,8.122054183813335e-05
categorical__city_name_Rockford,8.119063350611061e-05
categorical__county_name_Oklahoma,8.118603488163089e-05
categorical__city_name_Eureka,8.109428289172203e-05
categorical__cbsa_name_Fort Smith AR-OK,8.10591210082168e-05
categorical__county_name_Tangipahoa,8.093385361355714e-05
categorical__cbsa_name_Clearlake CA,8.088873976872875e-05
categorical__city_name_Potosi,8.066679518508566e-05
categorical__city_name_Marble City Community,8.059952825611155e-05
categorical__cbsa_name_Hermiston-Pendleton OR,8.058840261829033e-05
categorical__cbsa_name_San Luis Obispo-Paso Robles-Arroyo Grande CA,8.058734487432518e-05
categorical__city_name_Ontario,8.050606906940606e-05
categorical__county_name_Rock Island,8.040549064949979e-05
categorical__city_name_Livonia,8.03809407500278e-05
categorical__city_name_Loudon,8.034286603692491e-05
categorical__county_name_Lafayette,8.020479989069523e-05
categorical__cbsa_name_Springfield IL,8.017453831333394e-05
categorical__city_name_East Hartford,8.01326496954587e-05
categorical__county_name_Swain,8.00586720653222e-05
categorical__cbsa_name_Platteville WI,8.004458789147318e-05
categorical__city_name_Monroe,7.974708294492797e-05
categorical__city_name_Ravenna,7.970629475032446e-05
categorical__county_name_Brooke,7.967501908747147e-05
categorical__city_name_Laredo,7.95754113956474e-05
categorical__county_name_Bexar,7.957352859319106e-05
categorical__city_name_Lawrence,7.9481308185869e-05
categorical__city_name_Roseville,7.943544236270583e-05
categorical__city_name_Granite City,7.933776963740294e-05
categorical__county_name_Edgecombe,7.929709444493291e-05
categorical__cbsa_name_Bay City MI,7.923368979566824e-05
categorical__city_name_Duluth,7.912692204384437e-05
categorical__city_name_Wheeling,7.908682623071996e-05
categorical__city_name_Apache Junction,7.906811813651593e-05
categorical__cbsa_name_Rocky Mount NC,7.900545594448793e-05
categorical__city_name_Norwalk,7.898005661394805e-05
categorical__city_name_Seven Oaks,7.86971637609334e-05
categorical__city_name_Cary,7.863073399395075e-05
categorical__cbsa_name_Greenville NC,7.834952555168991e-05
categorical__city_name_Morristown,7.827138934824963e-05
categorical__cbsa_name_Kingsport-Bristol-Bristol TN-VA,7.82391613399845e-05
categorical__cbsa_name_Norwich-New London CT,7.810026247563652e-05
categorical__city_name_Compton,7.800682675208868e-05
categorical__city_name_Port Arthur,7.800464258621733e-05
categorical__city_name_Anderson,7.798459682738194e-05
categorical__city_name_State College,7.797407116108859e-05
categorical__county_name_Glynn,7.79520681343935e-05
categorical__city_name_Dentsville (Dents),7.793958108077428e-05
categorical__county_name_Grant,7.793159787779558e-05
categorical__cbsa_name_Laurel MS,7.790961580532088e-05
categorical__cbsa_name_Huntsville AL,7.773311129541818e-05
categorical__city_name_Pendleton,7.772937219938649e-05
categorical__cbsa_name_Decatur IL,7.76292307347366e-05
categorical__city_name_Lakeport,7.75577991876982e-05
categorical__cbsa_name_Corpus Christi TX,7.73947182758899e-05
categorical__city_name_Port Huron,7.737032597364582e-05
categorical__city_name_Marrero,7.726774215291179e-05
categorical__city_name_Pinson,7.707218995315045e-05
categorical__county_name_Galveston,7.704493114645381e-05
categorical__county_name_Yellowstone,7.70322853892311e-05
categorical__cbsa_name_Decatur AL,7.694006748466169e-05
categorical__city_name_Ridge Wood Heights,7.688194114219322e-05
categorical__city_name_Blue Island,7.68703285187968e-05
categorical__city_name_Corcoran,7.675451950613213e-05
categorical__cbsa_name_Hammond LA,7.675305811552071e-05
categorical__city_name_Greensboro,7.674080729639185e-05
categorical__city_name_Fairfield,7.668777941595485e-05
categorical__city_name_Fort Thomas,7.65623613927498e-05
categorical__county_name_Maury,7.655044810461577e-05
categorical__city_name_Stuttgart,7.64228240353344e-05
categorical__city_name_Pennsauken (Pensauken),7.634925009463373e-05
categorical__cbsa_name_Ogdensburg-Massena NY,7.627164312249905e-05
categorical__city_name_McDonald,7.621382709016125e-05
categorical__county_name_Talladega,7.607219205884997e-05
categorical__cbsa_name_Shreveport-Bossier City LA,7.605793147981855e-05
categorical__county_name_Cascade,7.594373375790329e-05
categorical__county_name_Sanders,7.583643989492083e-05
categorical__cbsa_name_Owensboro KY,7.570449034575604e-05
categorical__county_name_Florence,7.558341425067746e-05
categorical__city_name_Montgomery,7.546585211532658e-05
categorical__cbsa_name_Albany OR,7.546256045134128e-05
categorical__cbsa_name_Reading PA,7.520949996413611e-05
categorical__cbsa_name_Houma-Thibodaux LA,7.519298865875601e-05
categorical__cbsa_name_Cullowhee NC,7.516335055480584e-05
categorical__county_name_Beaufort,7.503061384218268e-05
categorical__city_name_Vinton,7.49559259848933e-05
categorical__county_name_Scioto,7.481486318935735e-05
categorical__cbsa_name_York-Hanover PA,7.4733341052204e-05
categorical__city_name_Blue Ash,7.468403094077795e-05
categorical__city_name_Beaverton,7.464109795145804e-05
categorical__city_name_Springdale,7.458012884849286e-05
categorical__city_name_Chattanooga,7.457469081843495e-05
categorical__county_name_Caddo,7.444971604186797e-05
categorical__city_name_Baton Rouge,7.442801339414784e-05
categorical__city_name_Nashua,7.442798895250478e-05
categorical__cbsa_name_Enid OK,7.42261451065797e-05
categorical__county_name_Harney,7.393307968418812e-05
categorical__cbsa_name_Winchester VA-WV,7.386352030848013e-05
categorical__county_name_Passaic,7.36706132514859e-05
categorical__city_name_Hattiesburg,7.361641314492158e-05
categorical__city_name_Jersey City,7.359781745400755e-05
categorical__state_name_Virgin Islands,7.351513133000635e-05
categorical__city_name_Buffalo,7.349348835553686e-05
categorical__county_name_Georgetown,7.330348809509682e-05
categorical__county_name_Wake,7.304127432213729e-05
categorical__county_name_Onslow,7.303709066239968e-05
categorical__cbsa_name_Marion NC,7.299898329382083e-05
categorical__city_name_Greenwood,7.28426870016655e-05
categorical__county_name_Wyandotte,7.247958351227867e-05
categorical__city_name_Oakland,7.228659673004819e-05
categorical__city_name_Phillipsburg,7.228636651073857e-05
categorical__county_name_Hampton City,7.217326227887414e-05
categorical__city_name_Fremont,7.21729799563585e-05
categorical__city_name_Wyandotte,7.20493910886294e-05
categorical__city_name_East Syracuse,7.182750344768866e-05
categorical__cbsa_name_Gillette WY,7.182723987944408e-05
categorical__city_name_Oak Park,7.162058059671642e-05
categorical__cbsa_name_Michigan City-La Porte IN,7.15487102142657e-05
categorical__county_name_Faulkner,7.149602191707263e-05
categorical__county_name_Ashley,7.141258127269241e-05
categorical__county_name_Wood,7.124768224926991e-05
categorical__county_name_Ohio,7.120502553175079e-05
categorical__county_name_Brazoria,7.117744717536266e-05
categorical__city_name_Underhill (Town of),7.096832000087919e-05
categorical__city_name_Essex,7.090092264152072e-05
categorical__city_name_Kokomo,7.088947154431048e-05
categorical__city_name_Polson,7.084866072926557e-05
categorical__county_name_Pennington,7.080765876113187e-05
categorical__city_name_Braidwood,7.071614322239021e-05
categorical__county_name_Saint Charles,7.051459206472744e-05
categorical__county_name_Crittenden,7.036066980710256e-05
categorical__city_name_Fall River,7.035507822436302e-05
categorical__city_name_Rock Island Arsenal (U.S. Army),7.013676544302599e-05
categorical__city_name_Leeds,6.998580649168264e-05
categorical__county_name_Pitt,6.981614275633843e-05
categorical__cbsa_name_Richmond-Berea KY,6.973553188121738e-05
categorical__city_name_Wood River,6.950211715343143e-05
categorical__city_name_Blytheville,6.94443646106375e-05
categorical__city_name_York,6.921259132690658e-05
categorical__city_name_Harrisville,6.921060866925701e-05
categorical__city_name_Chubbuck,6.914111545076317e-05
categorical__county_name_Norfolk,6.910772629700935e-05
categorical__cbsa_name_Austin-Round Rock TX,6.897215365623695e-05
categorical__county_name_Coos,6.897122861979339e-05
categorical__city_name_Humacao,6.88968469499887e-05
categorical__cbsa_name_Lansing-East Lansing MI,6.888143960317252e-05
categorical__city_name_Great Falls,6.88492553510965e-05
categorical__city_name_Darrington,6.883915177347414e-05
categorical__cbsa_name_Gadsden AL,6.882435427996408e-05
categorical__city_name_Poughkeepsie,6.882087120937113e-05
categorical__county_name_Bullitt,6.875494707361858e-05
categorical__city_name_Berlin,6.870211895034824e-05
categorical__cbsa_name_Blytheville AR,6.867969653504584e-05
categorical__city_name_Theodore,6.852396914938719e-05
categorical__city_name_Boone,6.849786295751959e-05
categorical__city_name_Crossett,6.843804979993205e-05
categorical__city_name_Beaufort,6.84043773628745e-05
categorical__city_name_Nipomo,6.840230163659942e-05
categorical__city_name_Des Plaines,6.837541482457913e-05
categorical__city_name_City of The Dalles,6.831385886070142e-05
categorical__city_name_Sweet Home,6.818498394530868e-05
categorical__county_name_Blount,6.816659724717942e-05
categorical__city_name_Gadsden,6.803775028805044e-05
categorical__cbsa_name_Georgetown SC,6.787692426866464e-05
categorical__county_name_Clarke,6.787226541107553e-05
categorical__city_name_Luna Pier,6.786506497244041e-05
categorical__city_name_Asheville,6.785906078242025e-05
categorical__city_name_Ocala,6.77688303103796e-05
categorical__county_name_Genesee,6.776381595775784e-05
categorical__city_name_Lakeland,6.771820183034943e-05
categorical__city_name_Hazard,6.76449218493887e-05
categorical__cbsa_name_Harrisonburg VA,6.745106098499584e-05
categorical__city_name_Lander,6.740842847650204e-05
categorical__county_name_Bowie,6.730081712593463e-05
categorical__cbsa_name_Columbus MS,6.718871481459932e-05
categorical__city_name_Burns,6.71303692638178e-05
categorical__cbsa_name_Marshall TX,6.711596214985856e-05
categorical__city_name_Ste. Genevieve,6.711066098174365e-05
categorical__cbsa_name_Jacksonville NC,6.709599716122407e-05
categorical__city_name_Valdosta,6.7017042803483e-05
categorical__city_name_Danbury,6.694948617103693e-05
categorical__city_name_Roanoke,6.676554522795946e-05
categorical__cbsa_name_Santa Rosa CA,6.664780837027388e-05
categorical__county_name_Mississippi,6.656263574872822e-05
categorical__city_name_Rapid City,6.655209829852773e-05
categorical__city_name_Merced,6.655005726835548e-05
categorical__city_name_Atascadero,6.63928088037061e-05
categorical__county_name_Anchorage,6.633633535438173e-05
categorical__city_name_Pala,6.63250233614184e-05
categorical__city_name_Moses Lake,6.616935711552453e-05
categorical__cbsa_name_Ponca City OK,6.606325718710112e-05
categorical__cbsa_name_El Dorado AR,6.59569198342018e-05
categorical__city_name_Morgantown,6.572796968860119e-05
categorical__city_name_Hastings,6.566545000200306e-05
categorical__city_name_Phenix City,6.558552406704818e-05
categorical__county_name_Sonoma,6.551409631786365e-05
categorical__county_name_McHenry,6.548751537586646e-05
categorical__city_name_San Antonio,6.54768594548161e-05
categorical__cbsa_name_Eureka-Arcata-Fortuna CA,6.544469846454763e-05
categorical__city_name_Stow,6.541747801175717e-05
categorical__city_name_Arnold,6.537452140994867e-05
categorical__city_name_McCandless Township,6.531736016783598e-05
categorical__county_name_Buncombe,6.530111577605558e-05
categorical__county_name_St. Bernard,6.52430820584434e-05
categorical__cbsa_name_Elizabethtown-Fort Knox KY,6.506911998840232e-05
categorical__city_name_Ironton,6.50687606838738e-05
categorical__city_name_Brook Park,6.506282290686314e-05
categorical__city_name_Pahala,6.503454350836103e-05
categorical__city_name_Frenchtown,6.497179731716383e-05
categorical__city_name_Potsdam,6.490957359582447e-05
categorical__cbsa_name_Hattiesburg MS,6.489932196007307e-05
categorical__cbsa_name_Talladega-Sylacauga AL,6.486327874439559e-05
categorical__cbsa_name_Bloomington IL,6.47650733993313e-05
categorical__cbsa_name_Hilton Head Island-Bluffton-Beaufort SC,6.476280287523642e-05
categorical__county_name_Niagara,6.457606083737554e-05
categorical__city_name_Tuscaloosa,6.44944211757036e-05
categorical__county_name_Athens,6.445854044917037e-05
categorical__city_name_Huntsville,6.423536286558046e-05
categorical__cbsa_name_Gainesville GA,6.419568187974483e-05
categorical__city_name_Brewton,6.401196016836517e-05
categorical__county_name_Berks,6.397373650648318e-05
categorical__city_name_Gibbstown (Township name Greenwich),6.394337001160464e-05
categorical__county_name_Umatilla,6.39083855458676e-05
categorical__city_name_Roslyn,6.3849991344815e-05
categorical__city_name_Bethpage,6.34731149140191e-05
categorical__city_name_Pittsboro,6.347190666935227e-05
categorical__city_name_Meraux,6.33636584242159e-05
categorical__cbsa_name_Wilmington NC,6.335334236517212e-05
categorical__county_name_Hardin,6.334501358007983e-05
categorical__city_name_Alton,6.333294833342655e-05
categorical__city_name_Ypsilanti,6.298490884450164e-05
categorical__city_name_Owensboro,6.293508707511687e-05
categorical__city_name_Paducah,6.285605271789648e-05
categorical__city_name_Cottage Grove,6.275146641553679e-05
categorical__county_name_Hidalgo,6.27320661099569e-05
categorical__county_name_Lackawanna,6.260771921641221e-05
categorical__city_name_Childersburg,6.254486112563883e-05
categorical__city_name_Rome,6.248237104933961e-05
categorical__city_name_Billings,6.245642585674712e-05
categorical__county_name_Sebastian,6.243100996967724e-05
categorical__city_name_Palm Springs,6.24281872024185e-05
categorical__city_name_Lansing,6.2374719068709e-05
categorical__county_name_Chester,6.232945616833803e-05
categorical__county_name_Deschutes,6.223837389079202e-05
categorical__county_name_Lea,6.219449473663155e-05
categorical__city_name_Mission,6.209848959599007e-05
categorical__city_name_Warner Robins,6.205659011357556e-05
categorical__county_name_Brevard,6.204931704033692e-05
categorical__county_name_Watauga,6.176945011030116e-05
categorical__county_name_Whitley,6.176253383171224e-05
categorical__city_name_Joliet,6.174775519692369e-05
categorical__city_name_Castle Hayne,6.164181057007727e-05
categorical__city_name_Beckley,6.145511079745033e-05
categorical__city_name_Lackawanna,6.144073744567867e-05
categorical__city_name_Warren,6.138160745339116e-05
categorical__cbsa_name_Rock Springs WY,6.122622859299187e-05
categorical__county_name_Pope,6.12234817799769e-05
categorical__city_name_Glen Burnie,6.114197640730234e-05
categorical__county_name_Lehigh,6.109105522432277e-05
categorical__city_name_North Pole,6.107639606886572e-05
categorical__county_name_Madera,6.106504142874094e-05
categorical__city_name_McCook,6.106021884330623e-05
categorical__cbsa_name_Paducah KY-IL,6.0935265385498894e-05
categorical__county_name_Brookings,6.092004272244338e-05
categorical__city_name_Claremont,6.091139471826814e-05
categorical__city_name_Kalamazoo,6.085694811897409e-05
categorical__city_name_Georgetown,6.0852601590729875e-05
categorical__county_name_Ocean,6.083689095395573e-05
categorical__city_name_Banning,6.0767686167203334e-05
categorical__city_name_Stroud,6.072161193778682e-05
categorical__city_name_Lake Charles,6.06946001419388e-05
categorical__city_name_Manchester,6.0664078396929337e-05
categorical__cbsa_name_Warner Robins GA,6.051518942125253e-05
categorical__city_name_Alpine,6.041855098636391e-05
categorical__cbsa_name_Fairmont WV,6.036381053200594e-05
categorical__city_name_West Alton,6.034828474502954e-05
categorical__city_name_Shepherdsville,6.019121536972435e-05
categorical__county_name_Manatee,6.015634691852579e-05
categorical__county_name_Clayton,6.0091989899001024e-05
categorical__county_name_Morgan,5.996957474862337e-05
categorical__cbsa_name_Baraboo WI,5.991914214758828e-05
categorical__city_name_Bend,5.988884035100054e-05
categorical__county_name_Kay,5.9795251792442615e-05
categorical__city_name_Muskogee,5.9747197526029925e-05
categorical__county_name_Daviess,5.973217395774984e-05
categorical__city_name_Gulfport,5.970880083726432e-05
categorical__city_name_Waynesville,5.960294979151208e-05
categorical__county_name_Portage,5.956435834448758e-05
categorical__city_name_Seaford,5.95198423161038e-05
categorical__city_name_Maricopa,5.948764488933486e-05
categorical__cbsa_name_Gardnerville Ranchos NV,5.948624366679782e-05
categorical__county_name_Clermont,5.923189159725677e-05
categorical__city_name_Clute (corporate name for Clute City),5.917065853148548e-05
categorical__city_name_Tupelo,5.9157698131296015e-05
categorical__county_name_Nueces,5.910087431146798e-05
categorical__county_name_Cabell,5.9089746131241755e-05
categorical__city_name_Harrison Township,5.9023953278317104e-05
categorical__cbsa_name_Somerset KY,5.8941364275651605e-05
categorical__county_name_Gaston,5.8928249863770125e-05
categorical__city_name_San Marcos,5.8893494621842514e-05
categorical__city_name_Orlando,5.8871363053726086e-05
categorical__county_name_Arkansas,5.88276671425122e-05
categorical__county_name_Manistee,5.881880166314993e-05
categorical__county_name_Johnston,5.875004239403186e-05
categorical__city_name_Paterson,5.873775993510316e-05
categorical__city_name_Enid,5.868404187298974e-05
categorical__cbsa_name_Great Falls MT,5.867624832801316e-05
categorical__county_name_St Thomas,5.860638275158822e-05
categorical__city_name_Dayton,5.849985720343438e-05
categorical__city_name_Brawley,5.8308560764194965e-05
categorical__city_name_Ukiah,5.813542377583064e-05
categorical__county_name_White,5.808347115958543e-05
categorical__county_name_Cherokee,5.8003849946924765e-05
categorical__city_name_Kealakekua,5.7953164462800216e-05
categorical__city_name_Goldsboro,5.791333238480968e-05
categorical__city_name_Prineville,5.791043229891259e-05
categorical__city_name_Daytona Beach,5.786241462670535e-05
categorical__cbsa_name_Valdosta GA,5.7835512774318636e-05
categorical__cbsa_name_Kalamazoo-Portage MI,5.769317526552056e-05
categorical__county_name_Humboldt,5.762335643444548e-05
categorical__city_name_Bennington,5.7546543691965704e-05
categorical__city_name_Crossville,5.730967919700266e-05
categorical__cbsa_name_Brainerd MN,5.719803315019747e-05
categorical__city_name_Bensley,5.7193616158844405e-05
categorical__county_name_Garfield,5.714949776418592e-05
categorical__city_name_Hartford,5.7147243020273684e-05
categorical__county_name_Westchester,5.704770657335212e-05
categorical__county_name_Spencer,5.698414306381423e-05
categorical__city_name_East Chicago,5.689786103097179e-05
categorical__city_name_Kalispell,5.677226891274578e-05
categorical__county_name_Lenoir,5.669619942354983e-05
categorical__city_name_Michigan City,5.660261215822001e-05
categorical__city_name_Stowe (Township of),5.6583718999130474e-05
categorical__county_name_Phillips,5.6579063299788854e-05
categorical__city_name_Mojave,5.654655272247683e-05
categorical__city_name_Winter Park,5.6309765929481744e-05
categorical__city_name_Toms River,5.6302669317089515e-05
categorical__city_name_Honolulu,5.6069044357235944e-05
categorical__city_name_Bradenton,5.598675426169894e-05
categorical__county_name_San Miguel,5.5940183479242016e-05
categorical__city_name_Libby,5.5897567029785414e-05
categorical__city_name_Aurora,5.588793733985024e-05
categorical__city_name_Kingsport,5.584215477108532e-05
categorical__city_name_Vienna,5.5715447696102275e-05
categorical__city_name_Westfield,5.5560971517157565e-05
categorical__city_name_Maryville,5.5560894941124886e-05
categorical__city_name_Summit,5.536354948033225e-05
categorical__county_name_Sussex,5.5351838407591676e-05
categorical__city_name_Melbourne,5.524170149827275e-05
categorical__city_name_Simi Valley,5.51103812599088e-05
categorical__county_name_Caswell,5.508709109942395e-05
categorical__city_name_Camp Pendleton South,5.495774361151358e-05
categorical__county_name_Bonneville,5.480825407809339e-05
categorical__county_name_Wasco,5.467524939841579e-05
categorical__city_name_Idaho Falls,5.448348468260221e-05
categorical__cbsa_name_Goldsboro NC,5.437466740551318e-05
categorical__county_name_Modoc,5.4338075619361386e-05
categorical__city_name_Fairmont,5.4209440668172534e-05
categorical__city_name_Forest Park,5.4110154534342146e-05
categorical__city_name_Alpena,5.410967448199906e-05
categorical__cbsa_name_Brookings SD,5.3887516800725005e-05
categorical__city_name_Carlstadt,5.379202141643803e-05
categorical__county_name_Saginaw,5.36710267750157e-05
categorical__cbsa_name_Berlin NH-VT,5.348801695367164e-05
categorical__cbsa_name_Tupelo MS,5.3351691447124496e-05
categorical__cbsa_name_Monroe LA,5.317626003689462e-05
categorical__city_name_Russellville,5.312428631358832e-05
categorical__cbsa_name_Yuma AZ,5.302789854428145e-05
categorical__county_name_Boyd,5.2979005808561784e-05
categorical__city_name_Grantsville,5.294367572070817e-05
categorical__city_name_Hernando,5.293449738005068e-05
categorical__cbsa_name_Alexandria LA,5.287271778528947e-05
categorical__county_name_Schenectady,5.278709570822796e-05
categorical__city_name_Edgewood,5.2774830839031254e-05
categorical__city_name_Telluride,5.267611027753874e-05
categorical__city_name_Lynwood,5.2665106467379595e-05
categorical__county_name_San Juan,5.2405014330823445e-05
categorical__city_name_Charleroi,5.23543107424083e-05
categorical__cbsa_name_Moses Lake WA,5.23015572034482e-05
categorical__county_name_Chautauqua,5.2300875258417376e-05
categorical__city_name_Mamaroneck,5.21400529139933e-05
categorical__county_name_Sangamon,5.190785890484983e-05
categorical__cbsa_name_The Dalles OR,5.190071189198445e-05
categorical__city_name_Delray Beach,5.1859157389811985e-05
categorical__cbsa_name_North Platte NE,5.1838998070803224e-05
categorical__county_name_McLennan,5.157989562548934e-05
categorical__city_name_Clairton,5.1573496299666426e-05
categorical__city_name_Riviera Beach,5.1412702192760604e-05
categorical__county_name_Ingham,5.1356443525118305e-05
categorical__city_name_Santa Barbara,5.118760135150717e-05
categorical__city_name_Trenton,5.110518423438572e-05
categorical__county_name_Litchfield,5.104669819951617e-05
categorical__city_name_Kingston,5.102038779716797e-05
categorical__city_name_Mira Loma,5.0978386270211237e-05
categorical__county_name_St. Lawrence,5.09398393824055e-05
categorical__cbsa_name_Russellville AR,5.07919165037452e-05
categorical__city_name_Meridian,5.073960973617191e-05
categorical__county_name_Jones,5.072287050918585e-05
categorical__county_name_Harford,5.071417747439141e-05
categorical__city_name_Keokuk,5.064097898731545e-05
categorical__city_name_Glendale,5.06261810755746e-05
categorical__cbsa_name_Mount Vernon IL,5.0553178163400654e-05
categorical__city_name_Follansbee,5.0537299385004134e-05
categorical__county_name_Charles,5.0502520849674505e-05
categorical__city_name_Arlington,5.04544730314059e-05
categorical__city_name_Ferry Pass,5.03192364012764e-05
categorical__cbsa_name_Salisbury MD-DE,5.028116598132572e-05
categorical__county_name_Yuma,5.02568307423095e-05
categorical__cbsa_name_Vicksburg MS,5.022913921176352e-05
categorical__city_name_Fort Smith,5.018417641835864e-05
categorical__county_name_Cambria,5.014762154251812e-05
categorical__cbsa_name_Johnstown PA,4.997141036863656e-05
categorical__cbsa_name_Picayune MS,4.991051809951079e-05
categorical__cbsa_name_Boone NC,4.971535722431971e-05
categorical__county_name_Crook,4.967335118013844e-05
categorical__county_name_Bayamon,4.9589682796749576e-05
categorical__city_name_Grass Valley,4.9454958323341816e-05
categorical__county_name_Power,4.9340071540523565e-05
categorical__city_name_Helena Valley West Central,4.914358075168797e-05
categorical__county_name_El Dorado,4.914067999755659e-05
categorical__city_name_Barre,4.905039403810681e-05
categorical__county_name_Arlington,4.898973799069976e-05
categorical__city_name_Annandale,4.8968321954286354e-05
categorical__cbsa_name_Portsmouth OH,4.8895933992017006e-05
categorical__city_name_Sunrise Manor,4.889427111122273e-05
categorical__county_name_Cedar,4.865796435874458e-05
categorical__city_name_Zion,4.862236124871994e-05
categorical__city_name_Weeping Water,4.859318694736947e-05
categorical__county_name_Santa Barbara,4.853633135086493e-05
categorical__city_name_Central Point,4.8522625004428366e-05
categorical__city_name_Alturas,4.847879144369101e-05
categorical__county_name_Loudoun,4.8466304180620104e-05
categorical__city_name_Selma,4.846302532924913e-05
categorical__county_name_DuPage,4.8222898441535226e-05
categorical__city_name_Shasta Lake,4.815705246096362e-05
categorical__city_name_Flint,4.799572286371926e-05
categorical__county_name_Taylor,4.796844500396762e-05
categorical__city_name_Fort Meade (U.S. Army),4.7906824083430874e-05
categorical__city_name_Mountlake Terrace,4.789686248954558e-05
categorical__city_name_Ponce,4.77516216739817e-05
categorical__city_name_Haverhill,4.77440681843026e-05
categorical__city_name_West Valley,4.759277661900878e-05
categorical__county_name_Citrus,4.7509681309105495e-05
categorical__county_name_Sequoyah,4.74969541614481e-05
categorical__county_name_Latah,4.7387178479168225e-05
categorical__county_name_Delta,4.738026006634695e-05
categorical__county_name_Ellis,4.7258476610910386e-05
categorical__city_name_Salem,4.719086770346156e-05
categorical__city_name_Victorville,4.713392110623115e-05
categorical__cbsa_name_Helena-West Helena AR,4.6947210528045575e-05
categorical__county_name_Horry,4.6934894470053386e-05
categorical__city_name_Hopewell (Township of),4.6867606337806695e-05
categorical__city_name_Alexandria,4.685983747622925e-05
categorical__city_name_North Brunswick Township,4.685085708127104e-05
categorical__city_name_Athens-Clarke County (Remainder),4.6765555368776124e-05
categorical__city_name_Holland,4.66244561936113e-05
categorical__city_name_Gulf Breeze,4.6402802766753876e-05
categorical__cbsa_name_Roseburg OR,4.632983919607516e-05
categorical__city_name_Dune Acres,4.605941713145811e-05
categorical__cbsa_name_Hot Springs AR,4.603711672869349e-05
categorical__county_name_Frederick,4.603451083889709e-05
categorical__city_name_Boulevard,4.6029876344895965e-05
categorical__cbsa_name_Stillwater OK,4.5899831144657156e-05
categorical__county_name_Allegan,4.58648763344734e-05
categorical__county_name_Bennington,4.565587830192423e-05
categorical__city_name_Panama City,4.5651171992312706e-05
categorical__cbsa_name_Vincennes IN,4.565089418720258e-05
categorical__county_name_Belknap,4.56135877434236e-05
categorical__county_name_Nez Perce,4.5561149792253525e-05
categorical__county_name_St. Clair,4.5541483395545614e-05
categorical__city_name_Mount Crested Butte,4.547326317343916e-05
categorical__city_name_Longmont,4.537506886787451e-05
categorical__city_name_Caldwell,4.501924058478445e-05
categorical__cbsa_name_Pittsfield MA,4.500712729134599e-05
categorical__city_name_Hickory,4.498832566424395e-05
categorical__city_name_Thomaston,4.491067648651708e-05
categorical__cbsa_name_Fort Payne AL,4.490682758374723e-05
categorical__city_name_Longview,4.4818434289719926e-05
categorical__county_name_Sarasota,4.4795514179727964e-05
categorical__city_name_Moscow,4.478463374755571e-05
categorical__city_name_Park Hill,4.472870080955586e-05
categorical__county_name_Spartanburg,4.460824707682282e-05
categorical__county_name_Sainte Genevieve,4.449844287957326e-05
categorical__city_name_Sharon,4.44569482445238e-05
categorical__city_name_Norwood,4.438507846167282e-05
categorical__city_name_Nazlini (Trading Post),4.437003351833154e-05
categorical__city_name_Hanford,4.4340404925746375e-05
categorical__county_name_Jasper,4.431702937413494e-05
categorical__city_name_Huntington,4.419269275933915e-05
categorical__county_name_Payne,4.404337218547334e-05
categorical__cbsa_name_Springfield OH,4.4007161020017314e-05
categorical__city_name_Jonesboro,4.3906955257787784e-05
categorical__city_name_Elizabeth City,4.3812552809413046e-05
categorical__county_name_Bolivar,4.3803284619562436e-05
categorical__cbsa_name_London KY,4.3760581479958965e-05
categorical__city_name_Charlotte Amalie,4.374819794231409e-05
categorical__county_name_Meade,4.359633232490195e-05
categorical__city_name_Channelview,4.354182418616898e-05
categorical__county_name_Catawba,4.351436874755198e-05
categorical__city_name_Delta,4.3509369743177135e-05
categorical__city_name_Bayport,4.3416589441362865e-05
categorical__city_name_San Andreas,4.3342293995411965e-05
categorical__county_name_Pearl River,4.3209049329596735e-05
categorical__cbsa_name_Peoria IL,4.316477050274111e-05
categorical__city_name_Henderson,4.3019180372989774e-05
categorical__city_name_Johnstown,4.289619098969499e-05
categorical__county_name_Muskogee,4.288142556666222e-05
categorical__cbsa_name_Searcy AR,4.279444069533954e-05
categorical__city_name_Vicksburg,4.2731400860952194e-05
categorical__city_name_Bowling Green,4.269331767988158e-05
categorical__cbsa_name_Tucson AZ,4.261638509272699e-05
categorical__county_name_Kalamazoo,4.261594704922915e-05
categorical__county_name_Raleigh,4.2550097844922625e-05
categorical__cbsa_name_Flint MI,4.244321846594198e-05
categorical__cbsa_name_Parkersburg-Vienna WV,4.243795946685584e-05
categorical__county_name_Blair,4.242164618090084e-05
categorical__cbsa_name_Muskogee OK,4.2416968934096546e-05
categorical__city_name_Douglas,4.2405772384792055e-05
categorical__city_name_London,4.228836710299332e-05
categorical__county_name_Peoria,4.227511000938485e-05
categorical__county_name_Twin Falls,4.2223494568627295e-05
categorical__city_name_Bayamon,4.219323081624251e-05
categorical__county_name_Laurel,4.208271377002104e-05
categorical__cbsa_name_Ottawa-Peru IL,4.2027795508110065e-05
categorical__county_name_Converse,4.196704492735071e-05
categorical__cbsa_name_Prineville OR,4.194127607725146e-05
categorical__county_name_St. Lucie,4.188754392852034e-05
categorical__city_name_Elgin,4.188491522127552e-05
categorical__county_name_St Croix,4.1875032189244205e-05
categorical__city_name_Griffith,4.185270194284532e-05
categorical__cbsa_name_Joplin MO,4.171197458605561e-05
categorical__city_name_Waterbury,4.133932281249878e-05
categorical__cbsa_name_Holland MI,4.105514503709529e-05
categorical__city_name_Hoover,4.101974575567641e-05
categorical__city_name_Cortina Indian Rancheria,4.101518369986214e-05
categorical__cbsa_name_Moscow ID,4.0746709887656965e-05
categorical__city_name_Odessa,4.074445860319951e-05
categorical__county_name_Apache,4.060171137724733e-05
categorical__city_name_Fort Lee,4.0594735729030655e-05
categorical__city_name_Baytown,4.055743236244574e-05
categorical__city_name_Frankfort,4.0541584277977105e-05
categorical__city_name_Athens,4.0484756200539294e-05
categorical__city_name_Palm Springs North,4.0424593677843266e-05
categorical__cbsa_name_Santa Maria-Santa Barbara CA,4.0349761474243194e-05
categorical__county_name_McDowell,4.009324861496026e-05
categorical__county_name_Haywood,3.999518611874239e-05
categorical__city_name_Saginaw,3.993519876730306e-05
categorical__cbsa_name_Bremerton-Silverdale WA,3.983137797476021e-05
categorical__city_name_Pine Bluff,3.973348686659566e-05
categorical__cbsa_name_Hickory-Lenoir-Morganton NC,3.96767861087027e-05
categorical__city_name_Dearborn,3.962339513848017e-05
categorical__county_name_Russell,3.9613504654862944e-05
categorical__county_name_Maries,3.9610451191934565e-05
categorical__city_name_Ann Arbor,3.96071646129573e-05
categorical__cbsa_name_Waco TX,3.947248945357599e-05
categorical__city_name_Gilroy,3.940646171289688e-05
categorical__city_name_Sunset Hills,3.929496011906096e-05
categorical__cbsa_name_Port St. Lucie FL,3.9246329856646686e-05
categorical__county_name_Dutchess,3.917933832329243e-05
categorical__county_name_Idaho,3.913133231481618e-05
categorical__city_name_Searcy,3.898971107895441e-05
categorical__city_name_Coraopolis,3.8947046752510356e-05
categorical__city_name_North Little Rock,3.8946923879789874e-05
categorical__city_name_Peoria,3.8888938971909094e-05
categorical__city_name_Yuma,3.885051075146733e-05
categorical__city_name_Stillwater,3.876829873173884e-05
categorical__city_name_New Bedford,3.8719059898996834e-05
categorical__cbsa_name_Torrington CT,3.870880960366327e-05
categorical__city_name_St. Bernard,3.866269123262095e-05
categorical__county_name_Chesapeake City,3.863416282607102e-05
categorical__city_name_Naperville,3.837382995448572e-05
categorical__city_name_Newport News,3.836425042524571e-05
categorical__cbsa_name_Frankfort KY,3.8360206910612266e-05
categorical__city_name_Athens (corp name Athens-Clarke County),3.8338904771495834e-05
categorical__county_name_Newport News City,3.828880889398732e-05
categorical__cbsa_name_Morgantown WV,3.813266164026978e-05
categorical__city_name_Carlisle,3.811359718855253e-05
categorical__city_name_Conroe,3.8094521378396773e-05
categorical__cbsa_name_Charlottesville VA,3.809340699848092e-05
categorical__city_name_East Highland Park,3.7820609375605654e-05
categorical__cbsa_name_Spartanburg SC,3.7683023844356426e-05
categorical__city_name_Suncook,3.763746374202826e-05
categorical__county_name_Addison,3.7575168071481305e-05
categorical__cbsa_name_Fargo ND-MN,3.7507005330424374e-05
categorical__cbsa_name_Saginaw MI,3.737771521486662e-05
categorical__cbsa_name_Palm Bay-Melbourne-Titusville FL,3.704432967687762e-05
categorical__cbsa_name_Pine Bluff AR,3.697138124885114e-05
categorical__city_name_Hilo,3.6930809078792746e-05
categorical__cbsa_name_Ames IA,3.69202031053875e-05
categorical__city_name_Seeley Lake,3.677912366182437e-05
categorical__city_name_Roxborough Park,3.664683671377551e-05
categorical__city_name_Jamesville,3.641506271457602e-05
categorical__city_name_Kurtistown,3.636502883659428e-05
categorical__city_name_Boulder,3.6333401463051556e-05
categorical__county_name_Martin,3.6304973620374796e-05
categorical__cbsa_name_Miami OK,3.624211430185406e-05
categorical__cbsa_name_Bennington VT,3.6132373720708465e-05
categorical__city_name_Ridgecrest,3.6125538277583006e-05
categorical__city_name_Midlothian,3.610228155615978e-05
categorical__county_name_Alpena,3.6042802297936506e-05
categorical__cbsa_name_Meridian MS,3.598715961369256e-05
categorical__cbsa_name_Columbia MO,3.589633854804093e-05
categorical__county_name_Yavapai,3.577642010239346e-05
categorical__city_name_Fort Pierce,3.570342514305272e-05
categorical__city_name_Somerset,3.543755406455283e-05
categorical__city_name_Piru,3.541335046818184e-05
categorical__cbsa_name_Ocala FL,3.538694998562927e-05
categorical__county_name_Billings,3.533221926654517e-05
categorical__county_name_Kenton,3.529359371469715e-05
categorical__county_name_Guaynabo,3.5287375743157606e-05
categorical__county_name_Teton,3.528724166469421e-05
categorical__city_name_Hollywood,3.528604456854851e-05
categorical__city_name_Chico,3.5267207744684004e-05
categorical__city_name_Ponca City,3.526411385994552e-05
categorical__city_name_Metairie,3.515810627774214e-05
categorical__cbsa_name_Grand Island NE,3.50554120461212e-05
categorical__city_name_Conway,3.4949075362413284e-05
categorical__county_name_Elbert,3.4760842066521986e-05
categorical__county_name_Gunnison,3.468145717893301e-05
categorical__cbsa_name_Cleveland MS,3.4315047253373434e-05
categorical__county_name_Jersey,3.431433654828089e-05
categorical__cbsa_name_Coeur d'Alene ID,3.431134924188798e-05
categorical__city_name_Chesapeake,3.404637381717004e-05
categorical__cbsa_name_Barre VT,3.3991079106298816e-05
categorical__county_name_Garland,3.397441251885389e-05
categorical__county_name_Caldwell,3.394825358238214e-05
categorical__cbsa_name_Longview TX,3.384680634725213e-05
categorical__cbsa_name_Alpena MI,3.3608239894496e-05
categorical__city_name_South Charleston,3.3546447236699566e-05
categorical__city_name_Jenison,3.350134852245114e-05
categorical__cbsa_name_Twin Falls ID,3.3488674468333724e-05
categorical__city_name_Sparks,3.348026576985083e-05
categorical__cbsa_name_Billings MT,3.347946389094272e-05
categorical__county_name_La Crosse,3.345651631430475e-05
categorical__county_name_Craighead,3.3310993696794586e-05
categorical__cbsa_name_Laconia NH,3.325798569551013e-05
categorical__city_name_San Rafael,3.324637359629093e-05
categorical__county_name_Seminole,3.311286053574577e-05
categorical__city_name_Utica,3.3101329653282984e-05
categorical__city_name_Stamford,3.286806954386929e-05
categorical__city_name_Taylors,3.281232977945225e-05
categorical__county_name_Bonner,3.277033315546352e-05
categorical__county_name_Kenai Peninsula,3.2697784557202484e-05
categorical__county_name_Boone,3.2668817221234395e-05
categorical__city_name_Waco,3.2576996209719644e-05
categorical__county_name_Santa Fe,3.2552105810758826e-05
categorical__cbsa_name_Jamestown-Dunkirk-Fredonia NY,3.247612393782227e-05
categorical__county_name_Trumbull,3.247349979650327e-05
categorical__city_name_East Point,3.24550365865916e-05
categorical__city_name_East Farmingdale,3.238085115643464e-05
categorical__city_name_Laconia,3.228861297371308e-05
categorical__city_name_San Pablo,3.210884147248099e-05
categorical__city_name_Rockwell,3.210195085997408e-05
categorical__cbsa_name_Beckley WV,3.2083228109371145e-05
categorical__city_name_Anadarko,3.206015032174883e-05
categorical__city_name_West Memphis,3.1703575475191884e-05
categorical__county_name_Kootenai,3.167331653407439e-05
categorical__city_name_Weaverville,3.1635813146441624e-05
categorical__cbsa_name_Lake Havasu City-Kingman AZ,3.13985700420452e-05
categorical__city_name_North Platte,3.135777165813475e-05
categorical__county_name_Rapides,3.134567832155431e-05
categorical__city_name_North Las Vegas,3.131855040072981e-05
categorical__city_name_Fairhope,3.10480789030513e-05
categorical__county_name_Denali,3.10405948795581e-05
categorical__city_name_Cockeysville,3.094846464815326e-05
categorical__cbsa_name_Homosassa Springs FL,3.085518995302855e-05
categorical__cbsa_name_Salem OR,3.079735253833283e-05
categorical__city_name_Coeur d'Alene,3.0794585777795414e-05
categorical__cbsa_name_Watertown-Fort Atkinson WI,3.054548388434531e-05
categorical__city_name_Santa Maria,3.0512051399557626e-05
categorical__city_name_Parma,3.049484954126133e-05
categorical__county_name_Bristol City,3.0481612510740527e-05
categorical__city_name_Bismarck,3.03138839325242e-05
categorical__county_name_DeSoto,3.023770668563389e-05
categorical__county_name_Monongalia,3.0183472332930088e-05
categorical__city_name_Prescott Valley,3.0177633534395855e-05
categorical__city_name_Hamden (Town of),3.0129417561333064e-05
categorical__city_name_Arabi,3.01287491137666e-05
categorical__city_name_West Yellowstone,3.0124579257795025e-05
categorical__city_name_Frisco,2.9988248838608713e-05
categorical__cbsa_name_Sierra Vista-Douglas AZ,2.9982922802040482e-05
categorical__county_name_Salem City,2.9957442942855112e-05
categorical__city_name_Newburgh Heights,2.9900349870107652e-05
categorical__cbsa_name_Mason City IA,2.9748858617265104e-05
categorical__city_name_Covington,2.974652408054268e-05
categorical__city_name_Mingo Junction,2.974610076041484e-05
categorical__city_name_San Benito,2.974118377904893e-05
categorical__city_name_Lowell,2.967041516762199e-05
categorical__cbsa_name_Napa CA,2.9570875355366554e-05
categorical__cbsa_name_Binghamton NY,2.9569307909819235e-05
categorical__cbsa_name_Altoona PA,2.952998676330704e-05
categorical__city_name_Corvallis,2.9485193166531557e-05
categorical__cbsa_name_Sandpoint ID,2.94382989093497e-05
categorical__city_name_Amherst,2.9237914879344877e-05
categorical__city_name_Gastonia,2.9161992309242162e-05
categorical__city_name_Elizabethtown,2.9115578920708472e-05
categorical__county_name_Mayagnez,2.9081854589718207e-05
categorical__cbsa_name_Daphne-Fairhope-Foley AL,2.8569512651278498e-05
categorical__city_name_Lumberton,2.8517258874342588e-05
categorical__county_name_Skagway-Hoonah-Angoon,2.851501799401797e-05
categorical__city_name_Incline Village-Crystal Bay,2.8395633840920276e-05
categorical__county_name_Aiken,2.830508386020154e-05
categorical__county_name_Albemarle,2.8298227566839717e-05
categorical__county_name_Baldwin,2.8271027601390196e-05
categorical__cbsa_name_Santa Cruz-Watsonville CA,2.8252471966654557e-05
categorical__county_name_Freeborn,2.8081945693084058e-05
categorical__city_name_Rock Springs,2.8060664563195705e-05
categorical__cbsa_name_Brownsville-Harlingen TX,2.78968081903478e-05
categorical__city_name_Soldotna,2.7889948714196277e-05
categorical__city_name_Cedarhurst,2.787810685777974e-05
categorical__city_name_Farrell,2.7693979788214927e-05
categorical__county_name_Pasquotank,2.7661725524210888e-05
categorical__city_name_Madera,2.7389274136184464e-05
categorical__city_name_Manistee,2.7386178937104647e-05
categorical__county_name_McMinn,2.7308471403403444e-05
categorical__city_name_South Hill,2.7282063468499225e-05
categorical__county_name_Door,2.7127095663289352e-05
categorical__cbsa_name_Athens TN,2.7112454558353046e-05
categorical__county_name_Oneida,2.7102928843355873e-05
categorical__county_name_Broome,2.7011914113320435e-05
categorical__cbsa_name_Ponce PR,2.695811661850171e-05
categorical__city_name_Rangely,2.6953099330877424e-05
categorical__city_name_Greenbelt,2.692470995316385e-05
categorical__county_name_Rankin,2.6777844931589915e-05
categorical__city_name_La Crosse,2.674193872745104e-05
categorical__city_name_Beloit,2.6487683028672747e-05
categorical__county_name_Cerro Gordo,2.6485832851986874e-05
categorical__county_name_Grand Traverse,2.6437035287465486e-05
categorical__city_name_Pearl,2.6348846992768615e-05
categorical__city_name_Santa Fe,2.6171658690084502e-05
categorical__city_name_Wasilla,2.6125246594629947e-05
categorical__county_name_Archuleta,2.59611605602023e-05
categorical__city_name_Babylon,2.5600930868294677e-05
categorical__cbsa_name_Utica-Rome NY,2.527005972992356e-05
categorical__county_name_Gregg,2.526896752559423e-05
categorical__city_name_Hot Springs (Hot Springs National Park),2.524319737470362e-05
categorical__city_name_Pagosa Springs,2.5203296728241607e-05
categorical__cbsa_name_Jonesboro AR,2.5085894086170427e-05
categorical__city_name_Reading,2.5080748567945976e-05
categorical__city_name_Twisp,2.4891118285361248e-05
categorical__city_name_La Porte,2.484485731394244e-05
categorical__county_name_Marin,2.433810023977739e-05
categorical__county_name_Ponce,2.4311442011874965e-05
categorical__city_name_Guaynabo,2.43063677465714e-05
categorical__city_name_Newport,2.4274172423890773e-05
categorical__county_name_Miller,2.4112109274884252e-05
categorical__city_name_Avalon,2.411044817872456e-05
categorical__cbsa_name_Wisconsin Rapids-Marshfield WI,2.3969626869854735e-05
categorical__county_name_Rowan,2.3945505050798257e-05
categorical__city_name_Batavia,2.394535551032971e-05
categorical__city_name_Northbrook,2.3903333343538094e-05
categorical__cbsa_name_Santa Fe NM,2.3870759792670457e-05
categorical__city_name_Fort Myers,2.3662391750627914e-05
categorical__county_name_Durham,2.3633988994274045e-05
categorical__city_name_Altoona,2.3426821509121396e-05
categorical__city_name_Leander,2.337027601309799e-05
categorical__city_name_De Pere,2.329966345561526e-05
categorical__city_name_Union City,2.3229244779679284e-05
categorical__city_name_Sanford,2.317915873609e-05
categorical__city_name_Grand Island,2.3174233613635397e-05
categorical__city_name_Mason City,2.3156396700454333e-05
categorical__city_name_Peach Springs,2.299822197100984e-05
categorical__city_name_Greater Upper Marlboro,2.2959724317109378e-05
categorical__city_name_Virginia,2.2905180897825817e-05
categorical__city_name_Wilkes-Barre,2.29037584754491e-05
categorical__city_name_Schiller Park,2.29017032698484e-05
categorical__county_name_Burleigh,2.2756418595605837e-05
categorical__city_name_League City,2.258163122476098e-05
categorical__cbsa_name_Jackson WY-ID,2.250027890834476e-05
categorical__county_name_Ashland,2.247687722373251e-05
categorical__cbsa_name_Corvallis OR,2.245329652024719e-05
categorical__county_name_Luzerne,2.225670225895498e-05
categorical__city_name_High Point,2.1970803568581286e-05
categorical__county_name_Waupaca,2.19337470036846e-05
categorical__county_name_Collin,2.1875398017335273e-05
categorical__county_name_Thurston,2.181268628406093e-05
categorical__city_name_Edinburg,2.1724679579214023e-05
categorical__city_name_Cicero,2.1708294481782685e-05
categorical__city_name_Wisconsin Rapids,2.151176485470421e-05
categorical__city_name_Greenwich (Township of),2.1503323004995703e-05
categorical__cbsa_name_Odessa TX,2.1434215600723267e-05
categorical__city_name_Jerseyville,2.141639365489543e-05
categorical__county_name_Concordia,2.1413896127806735e-05
categorical__city_name_Sugar Creek,2.138252693420921e-05
categorical__cbsa_name_Payson AZ,2.132865285284166e-05
categorical__cbsa_name_Cadillac MI,2.1223952568678e-05
categorical__city_name_Rio Rancho Estates,2.121988368213456e-05
categorical__city_name_Kittanning,2.1176785399597106e-05
categorical__city_name_Kaufman,2.094041368198048e-05
categorical__county_name_Kitsap,2.092277387139598e-05
categorical__county_name_Steele,2.0914402516346236e-05
categorical__cbsa_name_Albert Lea MN,2.0749624701979176e-05
categorical__cbsa_name_Bluefield WV-VA,2.05556327546884e-05
categorical__county_name_Cochise,2.0488912887847724e-05
categorical__city_name_San Luis Obispo,2.0440752136882054e-05
categorical__city_name_Lorain,2.0404498541025417e-05
categorical__county_name_Jeff Davis,2.0344204002133986e-05
categorical__cbsa_name_Oshkosh-Neenah WI,2.0319968298494442e-05
categorical__city_name_Wenatchee,2.028302732549946e-05
categorical__city_name_North Kansas City,2.0245647502859375e-05
categorical__city_name_Indio,2.003137330366848e-05
categorical__county_name_Okanogan,1.9991189309427142e-05
categorical__city_name_Lexington,1.9915125387798663e-05
categorical__county_name_Rock,1.974938348650826e-05
categorical__city_name_Oglesby,1.9536691281147146e-05
categorical__city_name_Amalga,1.952749976750853e-05
categorical__county_name_Cameron,1.9437114716128853e-05
categorical__city_name_Sandpoint,1.938223410379279e-05
categorical__cbsa_name_Elizabeth City NC,1.936704089697916e-05
categorical__county_name_Santa Rosa,1.9311166794469375e-05
categorical__city_name_Lacey,1.9302240553014353e-05
categorical__cbsa_name_Hutchinson MN,1.924789291829512e-05
categorical__county_name_Armstrong,1.9233895905771066e-05
categorical__city_name_Deer Park,1.9227117387811545e-05
categorical__county_name_Story,1.9029393511923754e-05
categorical__county_name_Gila,1.8872849410184962e-05
categorical__county_name_Fajardo,1.866589080944174e-05
categorical__city_name_Chalmette,1.8519303961127e-05
categorical__city_name_Cornwall,1.847063838355219e-05
categorical__city_name_Powder Springs,1.8433548298847112e-05
categorical__cbsa_name_Cape Coral-Fort Myers FL,1.8257300899107763e-05
categorical__county_name_Cabarrus,1.8250784050427955e-05
categorical__county_name_Sweetwater,1.809355477322611e-05
categorical__city_name_Roseburg,1.806324280853053e-05
categorical__cbsa_name_Mayag?ez PR,1.8041771511042104e-05
categorical__city_name_Albert Lea,1.8000977748354727e-05
categorical__city_name_Sharonville,1.778564776717723e-05
categorical__cbsa_name_Fort Madison-Keokuk IA-IL-MO,1.7783362012813853e-05
categorical__city_name_Arroyo Grande,1.776214482066054e-05
categorical__city_name_Fairport Harbor (Fairport),1.7595109484858537e-05
categorical__city_name_Vidalia,1.745123253197093e-05
categorical__county_name_Clallam,1.7397686188205547e-05
categorical__county_name_Brewster,1.7296411274285998e-05
categorical__city_name_Pinedale,1.7236874926956757e-05
categorical__city_name_McLean,1.7146203764152627e-05
categorical__cbsa_name_Centralia WA,1.6975634353931074e-05
categorical__city_name_Binghamton,1.695274054231566e-05
categorical__cbsa_name_Dickinson ND,1.6894009231810762e-05
categorical__city_name_Bluefield,1.6878370482928336e-05
categorical__city_name_Traverse City,1.684226591366273e-05
categorical__county_name_Humacao,1.6725234989820422e-05
categorical__county_name_Mohave,1.6460571898469575e-05
categorical__cbsa_name_Janesville-Beloit WI,1.6326831499024937e-05
categorical__cbsa_name_La Crosse-Onalaska WI-MN,1.62958027910145e-05
categorical__county_name_St. Tammany,1.6238688214538563e-05
categorical__county_name_Ector,1.620734051851252e-05
categorical__city_name_Ardmore,1.6192819638092908e-05
categorical__city_name_Hyrum,1.6155529781072324e-05
categorical__city_name_Knowlton (Township of),1.6103736973902757e-05
categorical__county_name_La Salle,1.593553670721816e-05
categorical__cbsa_name_Fayetteville-Springdale-Rogers AR-MO,1.560746215804474e-05
categorical__city_name_Texas City,1.5556219607359168e-05
categorical__county_name_Nicollet,1.5431169280193892e-05
categorical__cbsa_name_Panama City FL,1.5360055595571795e-05
categorical__cbsa_name_Ardmore OK,1.527439689151305e-05
categorical__city_name_Highland Heights,1.5222685756637996e-05
categorical__city_name_Valrico,1.5180153782241095e-05
categorical__cbsa_name_Wenatchee WA,1.5154856173530596e-05
categorical__city_name_Champaign,1.4949030080522144e-05
categorical__city_name_Preston,1.47500049686057e-05
categorical__city_name_Cheyenne,1.4749995852655233e-05
categorical__county_name_Scotts Bluff,1.4717745613025348e-05
categorical__county_name_Boundary,1.466940979065452e-05
categorical__county_name_Guayama,1.4445061442266624e-05
categorical__cbsa_name_Aberdeen SD,1.4441429381056509e-05
categorical__city_name_Blaine,1.4428538189651644e-05
categorical__cbsa_name_St. George UT,1.4340232830963946e-05
categorical__city_name_Hawaiian Ocean View,1.4034309238878545e-05
categorical__city_name_Yacolt,1.3990887394361525e-05
categorical__county_name_Otter Tail,1.3904753153197441e-05
categorical__city_name_Horicon,1.379575119994494e-05
categorical__city_name_Colorado Springs,1.3790010847864536e-05
categorical__city_name_Tucson,1.3714562214327583e-05
categorical__cbsa_name_Amarillo TX,1.3664854119384804e-05
categorical__city_name_White Swan,1.3580192325818737e-05
categorical__county_name_Vilas,1.3465861524091891e-05
categorical__city_name_Las Cruces,1.3438184740335621e-05
categorical__cbsa_name_Bellingham WA,1.3392110291233077e-05
categorical__city_name_Aberdeen,1.3351462570610742e-05
categorical__city_name_San Juan,1.3213220260576271e-05
categorical__cbsa_name_Prescott AZ,1.3035502581970075e-05
categorical__city_name_Mammoth Lakes,1.2930259436042858e-05
categorical__city_name_Ferguson,1.2910120196421965e-05
categorical__city_name_Durham,1.2641618530656604e-05
categorical__city_name_Moline,1.2546549136517408e-05
categorical__cbsa_name_Traverse City MI,1.2441660562575506e-05
categorical__city_name_Dunedin,1.2397260941990609e-05
categorical__city_name_Kannapolis,1.2258899693040619e-05
categorical__county_name_Pima,1.2184595253675365e-05
categorical__county_name_Napa,1.218335335546111e-05
categorical__county_name_Kaufman,1.210561950171117e-05
categorical__city_name_Oshkosh,1.2055235899918459e-05
categorical__cbsa_name_Fergus Falls MN,1.2034714619691563e-05
categorical__city_name_Farmington,1.1919468859513096e-05
categorical__county_name_Edmonson,1.187774305762702e-05
categorical__city_name_Chelmsford (Chelmsford Center),1.179612837018576e-05
categorical__city_name_Galloway (Township of),1.1599145737504674e-05
categorical__county_name_Gem,1.1595849502731075e-05
categorical__city_name_Painesville,1.1554953895508628e-05
categorical__cbsa_name_Farmington NM,1.1505724195028602e-05
categorical__city_name_Twin Falls,1.1460706624132288e-05
categorical__county_name_Anoka,1.1350588938618429e-05
categorical__cbsa_name_Longview WA,1.1262925571482088e-05
categorical__city_name_Mena,1.0885736014566834e-05
categorical__city_name_Payson,1.0883064135302752e-05
categorical__city_name_Emmett,1.0765637149815995e-05
categorical__city_name_Napa,1.0585609104185554e-05
categorical__cbsa_name_Bismarck ND,1.056654433348993e-05
categorical__city_name_Columbia Falls,1.0442942330479987e-05
categorical__cbsa_name_Lima OH,1.0403415911203586e-05
categorical__county_name_Chelan,1.0250121401630136e-05
categorical__county_name_McLeod,1.0245305632962966e-05
categorical__cbsa_name_Bloomington IN,1.013880415809823e-05
categorical__cbsa_name_Olympia-Tumwater WA,1.0112250414226372e-05
categorical__city_name_Clarkston,9.99969242647099e-06
categorical__city_name_Mountain View,9.745558862339255e-06
categorical__county_name_Rio Blanco,9.716040503025878e-06
categorical__city_name_Grand Forks,9.685562345186028e-06
categorical__city_name_College,9.529732548332073e-06
categorical__city_name_Waupaca,9.517399632374255e-06
categorical__county_name_Colleton,9.491373762206033e-06
categorical__cbsa_name_East Stroudsburg PA,9.365374552740878e-06
categorical__county_name_Missaukee,9.341085306599232e-06
categorical__county_name_Grafton,9.254936071646514e-06
categorical__city_name_Clearwater,9.090270672233371e-06
categorical__city_name_Pensacola,9.088033913232276e-06
categorical__cbsa_name_Willmar MN,8.854996863147463e-06
categorical__city_name_Jean,8.74286284158617e-06
categorical__city_name_Fitchburg,8.73386441090647e-06
categorical__city_name_Chehalis,8.663215370616548e-06
categorical__city_name_Bloomington,8.621997346426767e-06
categorical__cbsa_name_Kahului-Wailuku-Lahaina HI,8.620116542312805e-06
categorical__county_name_Monterey,8.593447909448567e-06
categorical__city_name_Spartanburg,8.586141272772054e-06
categorical__city_name_Willits,8.57436516592495e-06
categorical__county_name_Garrett,8.538859601025069e-06
categorical__city_name_Lima,8.509984217469854e-06
categorical__city_name_Estherville,8.505727561556284e-06
categorical__city_name_Ellensburg,8.436346349501534e-06
categorical__city_name_Casa Grande,8.334694645018698e-06
categorical__city_name_Peterborough (Peterboro),8.176232680699641e-06
categorical__city_name_Hutchinson,7.99614859424128e-06
categorical__county_name_Larimer,7.970815352280738e-06
categorical__cbsa_name_Mankato-North Mankato MN,7.966473985067749e-06
categorical__cbsa_name_Lubbock TX,7.956799792982613e-06
categorical__county_name_Asotin,7.90641568836644e-06
categorical__cbsa_name_West Plains MO,7.787274452496115e-06
categorical__city_name_Kiln,7.639614203650008e-06
categorical__county_name_Saskatchewan,7.550742923254354e-06
categorical__city_name_South Padre Island,7.5364733086156065e-06
categorical__city_name_Redmond,7.493438188098842e-06
categorical__cbsa_name_Cheyenne WY,7.3829162497034075e-06
categorical__county_name_Lenawee,7.367555028505175e-06
categorical__cbsa_name_Lebanon PA,7.361697497557121e-06
categorical__cbsa_name_Eau Claire WI,7.2697696001491906e-06
categorical__county_name_Pawnee,7.2267419686859395e-06
categorical__county_name_Forest,7.16120687968352e-06
categorical__state_name_Canada,7.04743408089929e-06
categorical__cbsa_name_Fort Collins CO,7.0440560166077e-06
categorical__city_name_Port Angeles,6.995941772166089e-06
categorical__city_name_Galveston,6.874407944285861e-06
categorical__city_name_Scottsbluff,6.832819737628882e-06
categorical__county_name_Alexandria City,6.7256410949382895e-06
categorical__county_name_Laramie,6.721821692717033e-06
categorical__county_name_Pueblo,6.716300983495286e-06
categorical__cbsa_name_Grenada MS,6.6464360641762235e-06
categorical__city_name_Tecumseh,6.539886700375499e-06
categorical__county_name_Itasca,6.532339739434229e-06
categorical__city_name_Palmer,6.526038631096944e-06
categorical__city_name_Scottsdale,6.5058226271205655e-06
categorical__cbsa_name_Kapaa HI,6.432713524691841e-06
categorical__county_name_Lebanon,6.3848612386720595e-06
categorical__county_name_Trinity,6.3390554305684755e-06
categorical__county_name_Lewis,6.1971167395277026e-06
categorical__city_name_Ware (census name for Ware Center),6.091130865454702e-06
categorical__county_name_Cowlitz,6.023001149919724e-06
categorical__county_name_Whitman,6.022023255931698e-06
categorical__cbsa_name_Pueblo CO,6.002368764252991e-06
categorical__city_name_Lawton,5.970665214206492e-06
categorical__cbsa_name_Durango CO,5.965946483558295e-06
categorical__city_name_Ames,5.867738167911616e-06
categorical__county_name_Skagit,5.824666327820788e-06
categorical__city_name_Superior,5.79491416673176e-06
categorical__city_name_Salinas,5.78805296983111e-06
categorical__city_name_Flagstaff,5.769253110332173e-06
categorical__county_name_Hampshire,5.732368140462999e-06
categorical__cbsa_name_Grand Forks ND-MN,5.664462029688006e-06
categorical__county_name_Columbia,5.5425590837060706e-06
categorical__county_name_Maui,5.50815790975484e-06
categorical__county_name_Canadian,5.435935953379568e-06
categorical__city_name_Zia Pueblo,5.334546479009696e-06
categorical__county_name_Uintah,5.329822973381481e-06
categorical__city_name_North Mankato,5.292779135564786e-06
categorical__cbsa_name_Colorado Springs CO,5.25649771708839e-06
categorical__county_name_Grenada,5.231391682562131e-06
categorical__county_name_Stevens,5.189490224803989e-06
categorical__city_name_Willmar,5.1107029545795285e-06
categorical__county_name_Richmond City,5.089434990115409e-06
categorical__county_name_Coconino,5.000796543341877e-06
categorical__city_name_Toppenish,4.983932573798135e-06
categorical__cbsa_name_Guayama PR,4.888414978115226e-06
categorical__cbsa_name_Walterboro SC,4.869658765238754e-06
categorical__cbsa_name_Port Angeles WA,4.718530587437317e-06
categorical__city_name_Mesa,4.704729406023475e-06
categorical__county_name_Kittitas,4.634193861111898e-06
categorical__county_name_Howell,4.629511790393522e-06
categorical__cbsa_name_Pullman WA,4.6000457313717754e-06
categorical__city_name_Post Falls,4.59694753503551e-06
categorical__cbsa_name_Flagstaff AZ,4.48080793876148e-06
categorical__county_name_San Benito,4.435985808463354e-06
categorical__city_name_Fort Collins,4.413522564574782e-06
categorical__city_name_Jefferson,4.389423613103849e-06
categorical__cbsa_name_Ketchikan AK,4.325849142252489e-06
categorical__cbsa_name_Adrian MI,4.324803000768695e-06
categorical__city_name_Bonners Ferry,4.282230698643866e-06
categorical__county_name_Guayanilla,4.240749119727506e-06
categorical__city_name_St. Michael,4.2251791035016145e-06
categorical__city_name_South Valley,4.137545517260826e-06
categorical__city_name_Cleves,3.995733443531007e-06
categorical__city_name_West Wenatchee,3.928285514645857e-06
categorical__county_name_Mono,3.9222938429579375e-06
categorical__city_name_Virgin,3.871656233070048e-06
categorical__county_name_Potter,3.8398302682422795e-06
categorical__cbsa_name_Salinas CA,3.806054386189222e-06
categorical__city_name_Lubbock,3.7739935291734206e-06
categorical__city_name_Kihei,3.740383847129138e-06
categorical__cbsa_name_Othello WA,3.7125863964433582e-06
categorical__city_name_Orangeburg,3.6191362128003765e-06
categorical__city_name_Yreka,3.54784378767532e-06
categorical__city_name_South Lake Tahoe,3.5222893633639732e-06
categorical__county_name_La Plata,3.5023975535695467e-06
categorical__county_name_Grand Forks,3.4815651129000614e-06
categorical__cbsa_name_Mount Vernon-Anacortes WA,3.461056050257965e-06
categorical__county_name_Siskiyou,3.421418872521639e-06
categorical__city_name_Casper,3.3873530205592575e-06
categorical__city_name_Bellingham,3.2645540139263627e-06
categorical__city_name_Waverly,3.2181474337165375e-06
categorical__county_name_Montezuma,3.208235181267481e-06
categorical__county_name_Crow Wing,3.1426657367717806e-06
categorical__city_name_White Settlement,3.135575161682808e-06
categorical__county_name_Powder River,3.111242047530475e-06
categorical__city_name_Bremerton,3.0891157446672224e-06
categorical__city_name_Laramie,3.0843039326504325e-06
categorical__city_name_Silver Bay,3.0596459792793205e-06
categorical__county_name_Adair,2.9937018975694397e-06
categorical__city_name_Waveland,2.971799782270965e-06
categorical__cbsa_name_Lawton OK,2.971302890038615e-06
categorical__city_name_Marshall,2.9189801004311497e-06
categorical__city_name_Pueblo,2.9170035228661095e-06
categorical__county_name_Burke,2.790659047127458e-06
categorical__city_name_Suitland-Silver Hill,2.7838485364131893e-06
categorical__city_name_Bay St. Louis,2.7510863243412473e-06
categorical__county_name_Eau Claire,2.7272570464237354e-06
categorical__cbsa_name_Vernal UT,2.6941607645168925e-06
categorical__county_name_Walla Walla,2.6784888820273587e-06
categorical__county_name_Skamania,2.6741683486650828e-06
categorical__city_name_Coconut Creek,2.66846146005842e-06
categorical__county_name_Bremer,2.612097757034466e-06
categorical__city_name_Wewoka,2.6109678158468965e-06
categorical__county_name_Caribou,2.5402225583731245e-06
categorical__city_name_Cherry Tree,2.4390357746379016e-06
categorical__city_name_Ketchikan,2.3654259578354174e-06
categorical__county_name_Chaves,2.3469941776778564e-06
categorical__city_name_Carmel Valley Village,2.3183835693166918e-06
categorical__city_name_Adjuntas,2.31049898157293e-06
categorical__city_name_Roland,2.3035377843233535e-06
categorical__city_name_Ritzville,2.2862458810733324e-06
categorical__city_name_Centralia,2.23373411139651e-06
categorical__city_name_Live Oak,2.2191503068747286e-06
categorical__county_name_Aroostook,2.2122462991713138e-06
categorical__city_name_Port Townsend,2.1822206351942277e-06
categorical__city_name_Waggaman,2.1721055637514642e-06
categorical__cbsa_name_Orangeburg SC,2.1193301473764095e-06
categorical__county_name_Valley,2.0461620989925315e-06
categorical__cbsa_name_Scottsbluff NE,1.94153265398051e-06
categorical__city_name_Dickinson,1.908343225339322e-06
categorical__city_name_Ojai,1.899691033805969e-06
categorical__city_name_Grenada,1.8961794987879343e-06
categorical__city_name_West Haven,1.860101815709318e-06
categorical__cbsa_name_Silver City NM,1.846343930042893e-06
categorical__county_name_Lyon,1.843626992424981e-06
categorical__city_name_Hollister,1.8419379527310054e-06
categorical__city_name_Biloxi,1.8342349983990477e-06
categorical__city_name_Roslyn Heights (RR name Rosalyn (sta.)),1.751982680834723e-06
categorical__city_name_Colville,1.6890906768056479e-06
categorical__county_name_Dunn,1.6442546065660568e-06
categorical__county_name_Whatcom,1.6384559299607907e-06
categorical__cbsa_name_Kingsville TX,1.634595099383754e-06
categorical__county_name_Emmet,1.616703724799451e-06
categorical__county_name_Routt,1.5657400089302128e-06
categorical__city_name_Cortez,1.5237214623286296e-06
categorical__city_name_Steamboat Springs,1.5188008897029744e-06
categorical__city_name_North Bend (Northbend),1.4843652533259245e-06
categorical__county_name_Fergus,1.4772876548642668e-06
categorical__city_name_Battlement Mesa,1.4605715593108326e-06
categorical__county_name_Kleberg,1.4502359606866008e-06
categorical__county_name_Comanche,1.373851216663141e-06
categorical__city_name_Roswell,1.3691404238874162e-06
categorical__county_name_Orangeburg,1.35115841815593e-06
categorical__county_name_Lares,1.2987923377591156e-06
categorical__city_name_King City,1.2696834833659523e-06
categorical__city_name_Hermiston,1.2491257923562263e-06
categorical__city_name_Amarillo,1.2233854936453063e-06
categorical__county_name_Gibson,1.1431831107558287e-06
categorical__county_name_Boise,1.0931428288337702e-06
categorical__county_name_Kandiyohi,1.0241562128071685e-06
categorical__county_name_Adjuntas,9.922782738495148e-07
categorical__county_name_Oliver,9.848563607400107e-07
categorical__county_name_Deuel,9.61657532835907e-07
categorical__cbsa_name_Laramie WY,9.572379510961014e-07
categorical__cbsa_name_Steamboat Springs CO,9.497998904677712e-07
categorical__city_name_Bellview,9.442567432456175e-07
categorical__city_name_Guayanilla,9.247042723074258e-07
categorical__county_name_Lubbock,9.044285907845682e-07
categorical__city_name_Florence,8.893393415792492e-07
categorical__city_name_Seven Corners,8.754805512152347e-07
categorical__city_name_Silver City,8.5883627592444e-07
categorical__county_name_Park,8.373967850709477e-07
categorical__city_name_Moncks Corner,8.363562845457032e-07
categorical__city_name_Cody,8.357316979552941e-07
categorical__county_name_Dorchester,8.338266164707728e-07
categorical__county_name_McKenzie,8.2657216720915e-07
categorical__cbsa_name_Weatherford OK,7.342748988994169e-07
categorical__cbsa_name_Glenwood Springs CO,6.877564245233682e-07
categorical__county_name_Kauai,6.828024707308665e-07
categorical__city_name_Smiths Grove,6.509934955877835e-07
categorical__city_name_Lares,6.467515527814352e-07
categorical__county_name_Ketchikan Gateway,6.207561191456329e-07
categorical__cbsa_name_Shelton WA,6.176771408568033e-07
categorical__cbsa_name_Adjuntas PR,6.073531900552314e-07
categorical__city_name_Camas,6.031271166842013e-07
categorical__cbsa_name_Aguadilla-Isabela PR,5.884356280870712e-07
categorical__cbsa_name_Ellensburg WA,5.721427894014849e-07
categorical__city_name_Simpsonville,5.114848730981185e-07
categorical__city_name_Pullman,4.6762370006466406e-07
categorical__city_name_Parker,4.51265563244441e-07
categorical__city_name_Oakville,4.352234538421625e-07
categorical__cbsa_name_Marshall MN,3.9332296440048314e-07
categorical__city_name_Soda Springs,3.8726936016269354e-07
categorical__city_name_Shawnee,3.8544546870436764e-07
categorical__cbsa_name_Casper WY,3.7113455883942535e-07
categorical__city_name_Auburn,3.3061401903294105e-07
categorical__city_name_Shelton,3.104511662836996e-07
categorical__cbsa_name_Roswell NM,2.950927350324621e-07
categorical__county_name_Cherry,2.8254076325861393e-07
categorical__county_name_Natrona,2.6129301816192953e-07
categorical__city_name_Durango,2.6073296125037836e-07
categorical__city_name_Grangeville,2.1595891214455356e-07
categorical__county_name_Dickinson,2.118133331077435e-07
categorical__county_name_Grays Harbor,1.9610158619834573e-07
categorical__cbsa_name_Aberdeen WA,1.8631172199738048e-07
categorical__city_name_Mount Vernon,1.484412745582879e-07
categorical__city_name_Lignite,1.4057648164369633e-07
categorical__state_name_Maine,1.3436411250444865e-07
categorical__cbsa_name_Iron Mountain MI-WI,1.2968874287638135e-07
categorical__county_name_Mason,1.260300512790401e-07
categorical__cbsa_name_Shawnee OK,1.0229320190315022e-07
categorical__city_name_Enumclaw,9.938657049711717e-08
categorical__cbsa_name_Alexandria MN,8.426061231726994e-08
categorical__county_name_Iron,6.591564740799873e-08
categorical__city_name_Presque Isle,5.1234635247404475e-08
categorical__cbsa_name_Cambridge MD,4.2316890224232894e-08
categorical__city_name_Crystal Falls,2.1876540261382e-08
categorical__cbsa_name_Walla Walla WA,5.475133723262622e-09
categorical__city_name_Mayaguez,5.215353537500934e-09
categorical__county_name_Pottawatomie,1.1157803696345351e-09
categorical__city_name_Walla Walla,9.235896403954703e-10
categorical__city_name_Colfax,1.4603294966567412e-10
categorical__city_name_Pompano Beach Highlands,0.0
categorical__county_name_Tama,0.0
